"","BU301","BU321","CR109","CR127","CR132","EH150","EH153","EH170","ES174","ES175","ES178","ES191","ES192","ES241","ES247","ES338","ES359","ES361","ES363","ES426","ES476","ES527","ES620","ES830","GR134","IT151","IT155","IT163","IT318","IT319","PO253","PO261","RO141","SE102","SE103","SE129","SE144","SL151"
"OTU1",0,0,0.00345804241865367,0,0,0,0.984878385125657,0,0,0,0,0,0.26731778526989,0,0,0,0,0,0.00865642291156568,0.997889541315633,0,0,0,0,0,0,0.000597031898561437,0,0.0022589326052368,0,0,0,0,0.000383164942424426,0.00116739272799749,0.191073108165883,0.000743930528333739,0
"OTU10",0.0224239922960517,0,0,0,0,0,0.000356641860243943,0,0.105352431209951,0,0,0.0134869090991378,0.113829898161343,0,0,0,0,0,0,0,0,0,0,0,0,0,0,0.000197241651367795,0,0,0,0,0,0,0,0,0,0
"OTU100",0,0,0,0,0,0,0,0,0,0,0,0,0,0.000762834693721871,0,0,0,0,0,0,0,0,0,0,0,0,0,0,0,0,0,0,0,0,0,0,0,0
"OTU1002",0,0,0,0,0,0,0,0,0,0,0,0,0,0,0,0,0,0,0,0,0,0,0,0,0,0,0,0,0,0,0,0,0,0,0.00106773725121722,0,0,0
"OTU101",0,0,0,0,0.0049360321626972,0,0,0,0,0,0,0,0,0,0,0,0,0,0,0,0,0,0,0,0,0,0,0,0,0,0,0,0,0,0,0,0,0
"OTU1010",0,0,0.00466835726518245,0,0,0,0,0,0,0,0,0,0,0,0,0,0,0,0,0,0,0,0,0,0,0,0,0,0,0,0,0,0,0,0,0,0,0
"OTU1016",0,0,0,0,0,0,0,0,0,0,0,0,0,0,0,0,0.0044687966982139,0,0,0,0,0,0,0,0,0,0,0,0,0,0,0,0,0,0,0,0,0
"OTU102",0.013147809681033,0.00128870592446751,0,0,0,0,0,0,0.0877217513952555,0,0,0,0,0,0,0,0,0,0,0,0,0,0,0,0.000923361034164358,0,0.000284300904076875,0,0,0,0,0,0,0.00302498638756126,0.129011132940406,0,0,0
"OTU1022",0,0,0,0,0,0,0,0,0.00392130637257882,0,0,0,0,0,0.000775728991319593,0,0,0,0,0,0,0,0,0,0,0,0,0,0,0,0,0,0,0,0,0,0,0
"OTU1038",0,0,0,0,0,0,0,0,0,0,0,0,0,0,0.00239700258317754,0,0,0,0,0,0,0,0,0,0,0,0,0,0,0,0,0,0,0,0,0,0,0
"OTU104",0,0,0,0,0,0,0,0,0,0,0,0,0,0,0,0,0,0,0,0,0,0,0,0,0,0,0,0,0,0,0,0,0,0,0,0,0,0.969421433050596
"OTU1043",0,0,0,0,0,0,0,0,0,0,0,0,0,0,0,0,0,0,0,0,0,0,0,0,0,0,0,0,0,0,0,0.000669467433805195,0,0,0,0,0,0
"OTU1044",0,0,0,0,0.00277324775218677,0,0,0,0,0,0,0,0,0,0,0,0,0,0,0,0,0,0,0,0,0,0,0,0,0,0,0,0,0,0,0,0,0
"OTU1046",0,0,0,0,0,0,0,0.00336359435731565,0,0,0,0,0,0,0,0.0018438642125712,0,0,0,0,0,0,0,0,0,0,0,0,0,0,0,0,0,0,0,0,0,0
"OTU1049",0,0,0,0,0,0,0,0,0,0,0,0,0,0,0,0,0,0,0,0,0,0,0,0,0,0,0,0,0,0,0,0,0.000663282571912014,0,0,0,0,0
"OTU1053",0,0,0,0,0,0,0,0,0.00342886324672009,0,0,0,0,0,0,0,0,0,0,0,0,0.000402276587502607,0,0,0,0,0,0,0,0,0,0,0,0,0,0,0,0
"OTU1058",0,0,0,0,0,0,0,0,0,0,0.00207461410377571,0,0,0,0,0,0,0,0,0,0,0,0,0,0,0,0,0,0,0,0,0,0,0,0,0,0,0
"OTU1061",0,0,0,0,0,0,0,0.00558560517517871,0,0,0,0,0,0,0,0,0,0,0,0,0,0,0,0,0,0,0,0,0,0,0,0,0,0,0,0,0,0
"OTU1064",0,0,0,0,0,0,0,0.000373732706368405,0,0,0,0,0,0,0,0,0,0,0,0,0,0,0,0,0,0,0,0,0,0,0,0,0,0,0,0,0,0
"OTU1070",0,0,0,0,0,0,0,0,0,0,0,0,0,0,0,0,0,0,0,0,0,0,0.00411058652197402,0,0,0,0,0,0,0,0,0,0.00157021996615905,0,0,0,0,0
"OTU1072",0,0,0,0,0,0,0,0,0.00384835183541456,0,0,0,0,0,0,0,0,0,0,0,0,0,0,0,0,0,0,0,0,0,0,0,0,0,0,0,0,0
"OTU1074",0,0,0,0,0,0,0,0,0,0,0,0,0,0,0,0,0,0,0,0,0,0,0,0,0,0,0,0,0,0,0,0,0,0,0.00398621907121096,0,0,0
"OTU1075",0,0.00522641847145158,0,0,0,0,0,0,0,0,0,0,0,0,0,0,0,0,0,0,0,0,0,0,0,0,0,0,0,0,0,0,0,0,0,0,0,0
"OTU1078",0,0,0.00249473060202872,0,0,0,0,0,0,0,0,0,0,0,0,0,0,0,0,0,0,0,0,0,0,0,0,0,0,0,0,0,0,0,0,0,0,0
"OTU1079",0,0,0,0,0.00217150531539153,0,0,0,0,0,0,0,0,0,0,0,0,0,0,0,0,0,0,0,0,0,0,0,0,0,0,0,0,0,0,0,0,0
"OTU108",0,0,0,0,0,0,0,0,0,0,0,0,0,0,0,0,0,0.00058290736256838,0,0,0,0,0,0,0,0,0,0,0,0,0,0,0,0,0,0,0,0
"OTU1086",0,0,0,0,0,0,0,0,0,0,0,0,0,0,0,0.00283164861216292,0,0,0,0,0,0,0,0,0,0,0,0,0,0,0,0,0,0,0,0,0,0
"OTU1089",0,0.00502953284410238,0,0,0,0,0,0,0,0,0,0,0,0,0,0,0,0,0,0,0,0,0,0,0,0,0,0,0,0,0,0,0,0,0,0,0,0
"OTU1091",0,0,0,0,0,0,0,0,0.0021947156596914,0,0,0,0,0,0,0,0,0,0,0,0,0,0,0,0,0,0,0,0,0,0,0,0,0,0,0,0,0
"OTU1093",0,0,0,0,0,0,0,0,0,0,0,0,0,0,0,0.00278774708329218,0,0,0,0,0,0,0,0,0,0,0,0,0,0,0,0,0,0,0,0,0,0
"OTU1098",0,0,0,0,0,0,0,0.000203854203473676,0,0,0,0,0,0,0,0.00515842964231229,0,0,0,0,0,0,0,0,0,0,0,0,0,0,0,0,0,0,0,0,0,0
"OTU11",0,0,0,0,0,0,0,0,0,0,0,0,0,0,0,0,0,0,0,0,0,0,0,0.0257885574341271,0,0,0,0,0,0,0,0,0,0,0,0,0,0
"OTU1108",0,0,0,0,0,0,0,0,0,0,0.00459925295891274,0,0,0,0,0,0,0,0,0,0,0,0,0,0,0,0,0,0,0,0,0,0,0,0,0,0,0
"OTU1112",0,0,0,0,0,0,0,0,0,0,0,0,0,0,0,0,0,0,0,0,0,0,0,0,0,0,0.0111161653494058,0,0,0,0,0,0,0,0,0,0,0
"OTU1114",0,0,0,0,0,0,0,0,0,0,0,0,0,0,0,0,0,0,0,0,0,0,0,0,0,0,0,0,0,0,0,0,0,0,0,0,0.000901300447788953,0
"OTU1115",0,0,0,0,0.00627905151438513,0,0,0,0,0,0,0,0,0,0,0,0,0,0,0,0,0,0,0,0,0,0,0,0,0,0,0,0,0,0,0,0,0
"OTU1120",0,0,0.0023712290870768,0,0,0,0,0,0,0,0,0,0,0,0,0,0,0,0,0,0,0,0,0,0,0,0,0,0,0,0,0,0,0,0,0,0,0
"OTU1126",0,0,0,0,0,0,0,0,0,0,0,0,0,0,0,0,0.00335871344196969,0,0,0,0,0,0,0,0,0,0,0,0,0,0,0,0,0,0,0,0,0
"OTU1134",0,0,0,0,0,0,0,0,0,0,0,0,0,0,0,0,0,0,0,0,0,0,0,0,0.00558876415415269,0,0,0,0,0,0,0,0,0,0,0,0,0
"OTU1135",0,0,0,0,0,0,0,0,0.00141045438517564,0,0,0,0,0,0,0,0,0,0,0,0,0,0,0,0,0,0,0,0,0,0,0,0,0,0,0,0,0
"OTU114",0,0,0.418423132657094,0,0,0,0,0,0,0,0,0,0,0,0,0,0,0,0,0,0,0,0,0,0,0,0,0,0,0,0,0,0,0,0,0,0,0
"OTU1145",0,0,0,0,0,0,0,0,0,0,0,0,0,0,0,0,0,0,0,0,0,0,0,0,0,0,0,0,0,0,0.0017866012914804,0,0,0,0,0,0,0
"OTU1147",0,0,0,0,0.000662788770962875,0,0,0,0,0,0,0,0,0,0,0,0,0,0,0,0,0,0,0,0,0,0,0,0,0,0,0,0,0,0,0,0,0
"OTU1148",0,0,0,0,0,0,0,0,0.000699147647824131,0,0,0,0,0,0,0,0,0,0,0,0,0,0,0,0,0,0,0,0,0,0,0,0,0,0,0,0,0
"OTU1150",0,0,0,0,0,0,0,0,0,0,0,0,0,0,0,0,0,0,0,0,0,0,0,0,0,0,0,0,0,0,0.00237145283532824,0,0,0,0,0,0,0
"OTU1153",0,0,0,0,0,0,0,0,0,0,0,0,0,0,0,0,0,0,0,0,0,0,0,0,0,0,0,0,0,0,0,0,0,0,0,0,0.00200288988397545,0
"OTU1159",0,0,0,0,0,0,0,0,0,0,0,0,0,0,0,0,0,0,0,0,0,0,0,0,0,0,0,0,0,0,0.00171449630662244,0,0,0,0,0,0,0
"OTU116",0,0,0,0,0,0,0,0,0,0,0,0,0,0,0,0,0,0,0,0,0,0,0,0,0,0,0,0,0,0,0,0,0,0,0,0.804189824711415,0,0
"OTU1164",0,0,0,0,0,0,0,0.00633986572803131,0,0,0,0,0,0,0,0,0,0,0,0,0,0,0,0,0,0,0,0,0,0,0,0,0,0,0,0,0,0
"OTU1167",0,0,0,0,0.00291278223028421,0,0,0,0,0,0,0,0,0,0,0,0,0,0,0,0,0,0,0,0,0,0,0,0,0,0,0,0,0,0,0,0,0
"OTU1169",0,0,0,0,0,0,0,0,0,0,0,0,0,0,0,0.00308408240316969,0,0,0,0,0,0,0,0,0,0,0,0,0,0,0,0,0,0,0,0,0,0
"OTU117",0,0,0,0,0,0,0,0,0,0,0,0,0,0,0,0,0,0,0,0,0,0,0.0551288375261316,0,0,0,0,0,0,0,0,0,0.013590524534687,0,0,0,0,0
"OTU1171",0,0,0,0,0,0,0,0,0,0,0,0,0,0,0,0,0,0,0,0,0,0,0,0,0,0,0,0,0,0,0,0.00160090038518634,0,0,0,0,0,0
"OTU1177",0,0,0,0,0,0,0,0,0.000468124946803983,0,0,0,0,0,0,0,0,0,0,0,0,0.000744956643523347,0,0,0,0,0,0,0,0,0,0,0,0,0,0,0,0
"OTU1179",0,0,0,0,0,0,0,0,0,0,0,0,0,0,0,0,0,0,0,0,0,0,0,0,0.0060261456966516,0,0,0,0,0,0,0,0,0,0,0,0,0
"OTU118",0,0.812081618041883,0,0,0,0,0,0,0,0,0,0,0,0,0,0,0,0,0,0,0,0,0,0,0,0,0,0,0,0,0,0,0,0,0,0,0,0
"OTU1195",0,0,0,0,0.00194476178848317,0,0,0,0,0,0,0,0,0,0,0,0,0,0,0,0,0,0,0,0,0,0,0,0,0,0,0,0,0,0,0,0,0
"OTU120",0,0,0,0,0,0,0,0,0,0,0,0,0,0,0,0,0,0,0,0,0.00207481923923295,0,0,0,0,0,0,0,0,0,0,0,0,0,0,0,0,0
"OTU1200",0,0,0,0,0,0,0,0,0,0,0,0,0,0,0,0,0,0,0,0,0,0,0,0,0.00145793847499636,0,0.000540171717746062,0,0,0,0,0,0,0,0,0,0,0
"OTU1206",0,0,0,0,0,0,0,0,0,0,0,0,0,0,0,0,0,0,0,0,0,0,0,0,0,0,0,0,0,0,0,0.000198899744826181,0,0,0,0,0,0
"OTU1209",0,0,0,0,0,0,0,0,0.00157460209379522,0,0,0,0,0,0,0,0,0,0,0,0,0,0,0,0,0,0,0,0,0,0,0,0,0,0,0,0,0
"OTU1212",0,0,0,0,0,0,0,0,0,0,0,0,0,0,0,0,0,0,0,0,0,0,0,0,0,0,0,0,0,0,0.00172250797160666,0,0,0,0,0,0,0
"OTU1214",0,0,0,0,0,0,0,0,0,0,0,0,0,0,0.00145837050368083,0,0,0,0,0,0,0,0,0,0,0,0,0,0,0,0,0,0,0,0,0,0,0
"OTU1218",0,0,0,0,0,0,0,0,0,0,0,0,0,0,0,0.00289750090546903,0,0,0,0,0,0,0,0,0,0,0,0,0,0,0,0,0,0,0,0,0,0
"OTU122",0,0,0,0,0,0,0,0,0,0,0,0,0,0,0,0,0,0,0,0,0,0,0.00258379724238367,0,0,0,0,0,0,0,0,0,0,0,0,0,0,0
"OTU1222",0,0,0,0,0,0,0,0,0.00190289751103437,0,0,0,0,0,0,0,0,0,0,0,0,0,0,0,0,0,0,0,0,0,0.000280408274447596,0,0,0,0,0,0,0
"OTU1225",0,0,0,0,0,0,0,0,0,0,0,0,0,0,0,0,0,0,0,0,0,0,0,0,0,0,0,0,0,0,0,0,0,0,0,0,0.00264667591811042,0
"OTU1229",0,0,0,0,0,0,0,0,0,0,0,0,0,0,0,0.00340236848748258,0,0,0,0,0,0,0,0,0,0,0,0,0,0,0,0,0,0,0,0,0,0
"OTU123",0,0,0,0,0,0,0,0,0,0,0,0,0,0,0,0,0,0,0,0,0,0,0,0,0.0030130728483258,0,0,0,0,0,0,0,0,0,0,0,0,0
"OTU1232",0,0,0,0,0,0,0,0,0,0,0.00106205841321273,0,0,0,0,0,0,0,0,0,0,0,0,0,0,0,0,0,0,0,0,0,0,0,0,0,0,0
"OTU1239",0,0,0,0,0,0,0,0,0,0,0.000981053957967688,0,0,0,0,0,0,0,0,0,0,0,0,0,0,0,0,0,0,0,0,0,0,0,0,0,0,0
"OTU1241",0,0,0,0,0,0,0,0,0,0,0,0,0,0,0.00224185678491362,0,0,0,0,0,0,0,0,0,0,0,0,0,0,0,0,0,0,0,0,0,0,0
"OTU1252",0,0,0,0,0,0,0,0,0,0,0.00101255569056298,0,0,0,0,0,0,0,0,0,0,0,0,0,0,0,0,0,0,0,0,0,0,0,0,0,0,0
"OTU1253",0,0,0,0,0,0,0,0,0,0,0,0,0,0,0,0,0,0,0,0,0,0,0,0,0,0,0.00619775970887587,0,0,0,0,0,0,0,0,0,0,0
"OTU1255",0,0,0,0,0,0,0,0,0,0,0,0,0,0,0,0,0,0,0,0,0,0,0,0,0.00393643388249016,0,0,0,0,0,0,0,0,0,0,0,0,0
"OTU1256",0,0,0,0,0,0,0,0,0,0,0,0,0,0,0,0,0,0,0,0,0,0,0,0,0,0,0,0,0,0,0,0,0.000311336717428088,0,0,0,0,0
"OTU127",0,0,0,0,0,0,0,0,0.000851136266916333,0,0,0,0,0,0,0,0,0,0,0,0,0,0,0,0,0,0,0,0,0,0,0,0,0,0,0,0,0
"OTU1270",0,0,0,0,0,0,0,0,0,0,0,0,0,0,0,0,0,0,0,0,0,0,0,0,0,0,0,0.00238207225113414,0,0,0,0,0,0,0,0,0,0
"OTU1281",0,0,0,0,0,0,0,0,0.00108823851270017,0,0,0,0,0,0,0,0,0,0,0,0,0.000938645370839417,0,0,0,0,0,0,0,0,0,0,0,0,0,0,0,0
"OTU1286",0,0,0,0,0,0,0,0,0,0,0,0,0,0,0,0,0,0,0,0,0,0,0,0,0,0,0,0,0,0,0,0.00076164048628562,0,0,0,0,0,0
"OTU1288",0,0,0,0,0,0,0,0,0,0,0,0,0,0,0,0,0,0,0,0,0,0,0,0,0,0,0,0,0,0,0,0.000848962325477602,0,0,0,0,0,0
"OTU1289",0,0,0,0,0,0,0,0,0,0,0,0,0,0,0,0,0,0,0,0,0,0,0,0,0,0,0,0,0,0,0,0,0,0,0,0,0.000557947896250304,0
"OTU1293",0,0,0,0,0,0,0,0.0031393547334946,0,0,0,0,0,0,0,0,0,0,0,0,0,0,0,0,0,0,0,0,0,0,0,0,0,0,0,0,0,0
"OTU1298",0,0,0,0,0,0,0,0,0,0,0,0,0.00507455423864308,0,0,0,0,0,0,0,0,0,0,0,0,0,0,0,0,0,0,0,0,0,0,0,0,0
"OTU1299",0,0,0,0,0,0,0,0,0,0,0,0.00522730872802154,0,0,0,0,0,0,0,0,0,0,0,0,0,0,0,0,0,0,0,0,0,0,0,0,0,0
"OTU13",0,0,0,0,0,0,0,0,0.626758508322897,0,0,0,0,0,0,0,0,0,0.000212072721664192,0,0,0.890819154325218,0,0,0,0,0,0,0,0,0,0,0,0,0,0,0,0.00042905706458959
"OTU1300",0,0,0,0,0,0,0,0,0,0,0,0,0,0,0,0,0,0,0,0,0,0,0,0,0,0,0.00196167623813044,0,0,0,0,0,0,0,0,0,0,0
"OTU1310",0,0,0,0,0,0,0,0,0,0,0,0,0,0,0,0,0,0,0,0,0,0,0,0,0,0,0,0,0,0,0.00107356310788508,0,0,0,0,0,0,0
"OTU1311",0,0,0,0,0,0,0,0,0,0,0,0,0,0,0,0,0,0,0,0,0,0,0,0.00123926706205187,0,0,0,0,0,0,0,0,0,0,0,0,0,0
"OTU132",0,0,0,0,0,0,0,0,0,0,0,0,0,0,0,0,0,0,0,0,0,0,0,0,0,0,0,0,0,0,0,0,0,0,0,0.00473706712270201,0,0
"OTU1321",0,0,0,0,0,0,0,0,0,0,0,0,0,0,0,0,0,0,0,0,0,0,0,0,0,0,0,0,0,0,0,0,0,0,0,0,0.00587991244509936,0
"OTU1326",0,0,0,0,0,0,0,0,0,0,0,0,0,0,0.00144285592385444,0,0,0,0,0,0,0,0,0,0,0,0,0,0,0,0,0,0,0,0,0,0,0
"OTU1328",0,0,0,0,0.000305231670838166,0,0,0,0,0,0,0,0,0,0,0,0,0,0,0,0,0,0,0,0,0,0,0,0,0,0,0,0,0,0,0,0,0
"OTU133",0,0,0.00284053484389409,0.000581015324279178,0,0,0,0,0,0,0,0,0,0,0.251475824405986,0,0,0,0,0,0,0,0,0,0,0,0.00440666401319156,0,0,0,0,0,0,0,0,0,0,0
"OTU1341",0,0,0,0,0,0,0,0,0,0,0,0,0,0,0,0,0,0,0.000250631398330409,0,0,0,0,0,0,0,0,0,0,0,0,0,0,0,0,0,0,0
"OTU135",0.000216182221960183,0,0,0.000399448035441935,0,0,0,0,0.00165971572048685,0,0,0.00242130750605327,0,0,0.150545725345393,0,0,0,0,0,0,0.00122172889537829,0,0,0,0,0.0250753397395804,0,0,0,0,0,0,0,0.00162296062185018,0,0,0
"OTU1362",0,0,0,0,0,0,0,0,0,0,0,0,0,0,0,0,0,0,0,0,0,0,0,0,0,0,0,0,0,0,0.0017866012914804,0,0,0,0,0,0,0
"OTU1368",0,0,0,0,0,0,0,0,0,0,0,0,0,0,0,0,0,0,0,0,0,0,0,0,0,0,0.00642520043213737,0,0,0,0,0,0,0,0,0,0,0
"OTU1369",0,0,0,0,0,0,0,0,0,0,0,0,0.00448368148482847,0,0,0,0,0,0,0,0,0,0,0,0,0,0,0,0,0,0,0,0,0,0,0,0,0
"OTU1372",0.00251557494644577,0,0,0,0,0,0,0,0,0,0,0,0,0,0,0,0,0,0,0,0,0,0,0,0,0,0,0,0,0,0,0,0,0,0,0,0,0
"OTU1374",0,0,0,0,0,0,0,0,0.00101528397553591,0,0,0,0,0,0,0,0,0,0,0,0,0,0,0,0,0,0,0,0,0,0,0,0,0,0,0,0,0
"OTU1377",0,0,0,0,0,0,0,0,0,0,0,0,0,0,0,0,0,0,0,0,0,0,0,0,0,0,0,0,0,0,0,0,0,0,0,0,0.00078684959727607,0
"OTU1387",0,0,0.00177018838097747,0,0,0,0,0,0,0,0,0,0,0,0,0,0,0,0,0,0,0,0,0,0,0,0,0,0,0,0,0,0,0,0,0,0,0
"OTU14",0,0,0.000197602423923067,0,0,0,0,0,0,0,0,0,0,0,0,0,0,0.00203270259767435,0.0410457113111878,0,0,0,0.0248749207244028,0,0,0,0,0,0.00104107328763087,0,0,0,0,0,0,0,0,0
"OTU140",0,0,0,0,0,0,0,0,0,0,0,0,0,0,0,0,0,0,0,0,0,0.000998241902321285,0,0,0,0,0,0,0,0,0,0,0,0,0,0,0,0
"OTU1401",0,0,0,0,0,0,0,0,0,0,0,0,0,0,0,0,0,0,0,0,0,0,0,0,0,0,0,0.00206345112200155,0,0,0,0,0,0,0,0,0,0
"OTU1402",0,0,0,0,0,0,0,0,0,0,0,0,0,0,0,0,0,0,0,0,0,0.00181769421019697,0,0,0,0,0,0,0,0,0,0,0,0,0,0,0,0
"OTU1406",0,0,0,0,0,0,0,0,0,0,0,0,0,0,0,0,0,0,0,0,0,0,0,0,0,0,0,0,0,0,0,0.000635508940786091,0,0,0,0,0,0
"OTU1407",0,0,0,0,0,0,0,0,0.000370852230584974,0,0.000666036632014761,0,0,0,0,0,0,0,0,0,0,0,0,0,0,0,0,0,0,0,0,0,0,0,0,0,0,0
"OTU141",0,0,0,0,0,0,0,0,0,0,0,0.843995383675409,0,0,0,0,0,0,0,0,0,0,0,0,0,0,0,0,0,0,0,0,0,0,0,0,0,0
"OTU1423",0,0,0,0,0,0,0,0,0,0,0,0,0,0,0,0,0,0,0,0,0,0,0,0,0,0,0,0,0,0,0,0,0,0,0,0,0.00204580895291778,0
"OTU1428",0.00247626908790755,0,0,0,0,0,0,0,0,0,0,0,0,0,0,0,0,0,0,0,0,0,0,0,0,0,0,0,0,0,0,0,0,0,0,0,0,0
"OTU1429",0,0,0,0,0,0,0,0,0,0,0,0,0,0,0,0,0,0,0,0,0,0,0,0,0.00554016620498615,0,0,0,0,0,0,0,0,0,0,0,0,0
"OTU143",0.00792013049545035,0,0,0,0,0,0,0,0,0,0,0,0,0,0,0,0,0,0,0,0,0,0,0,0,0,0.832603627679536,0,0,0,0,0,0,0,0,0,0,0
"OTU1431",0,0,0,0,0,0,0,0,0,0,0,0,0,0,0,0,0,0,0,0,0,0,0,0,0,0,0,0,0,0,0,0,0,0,0,0,0.00221748522868711,0
"OTU1434",0,0,0,0,0,0,0,0,0,0,0,0,0,0,0.000511981134270931,0,0,0,0,0,0,0,0,0,0,0,0,0,0,0,0,0,0,0,0,0,0,0
"OTU1436",0,0,0,0,0,0,0,0,0,0,0,0,0,0,0,0,0,0,0,0,0,0,0.0029596222958213,0,0,0,0,0,0,0,0,0,0,0,0,0,0,0
"OTU1442",0,0,0,0,0,0,0,0,0,0,0,0,0,0,0,0,0,0,0,0,0,0,0,0,0,0,0,0,0,0,0,0,0,0,0.00061216935736454,0,0,0
"OTU1452",0,0,0,0,0.000209301717146171,0,0,0,0,0,0,0,0,0,0,0,0,0,0,0,0,0,0,0,0,0,0,0,0,0,0,0,0,0,0,0,0,0
"OTU1453",0,0,0,0,0,0,0,0.00129787176211573,0,0,0,0,0,0,0,0,0,0,0,0,0,0,0,0,0,0,0,0,0,0,0,0,0,0,0,0,0,0
"OTU146",0,0,0,0,0,0,0,0,0,0,0,0,0,0,0,0,0,0,0,0,0,0,0,0,0,0,0,0,0,0,0.0818872278036822,0,0,0,0,0,0,0
"OTU1460",0,0,0,0,0,0,0,0,0,0,0,0,0,0,0,0,0.00157973386465523,0,0,0,0,0,0,0,0,0,0,0,0,0,0,0,0,0,0,0,0,0
"OTU1463",0,0,0,0,0,0,0,0,0,0,0,0,0,0,0,0,0,0.00251098556183302,0,0,0,0,0,0,0,0,0,0,0,0,0,0,0,0,0,0,0,0
"OTU1464",0,0,0,0,0,0,0,0,0,0,0,0,0,0,0,0,0,0,0,0,0,0,0,0,0,0,0,0,0,0,0,0.000533633461728778,0,0,0,0,0,0
"OTU1473",0,0,0,0,0,0,0,0,0,0,0,0,0,0,0,0,0,0,0,0,0,0,0,0,0.00330466054332507,0,0,0,0,0,0,0,0,0,0,0,0,0
"OTU1478",0,0,0,0,0,0,0,0,0,0,0,0,0,0,0,0,0,0,0,0,0,0,0,0.00112124162757074,0,0,0,0,0,0,0,0,0,0,0,0,0,0
"OTU1482",0,0,0,0,0,0,0,0,0,0,0,0,0,0,0,0,0,0,0,0,0,0,0,0,0,0,0,0,0,0,0,0,0,0,0,0,0.0015164737692957,0
"OTU1486",0,0,0,0,0,0,0,0.000849392514473648,0,0,0,0,0,0,0,0,0,0,0,0,0,0,0,0,0,0,0,0,0,0,0,0,0,0,0,0,0,0
"OTU15",0,0,0,0,0,0,0,0,0,0,0,0,0,0,0,0,0,0,0,0,0,0,0,0,0,0,0,0,0,0,0,0,0,0,0,0,0,0.000528070233341034
"OTU150",0,0,0.215337241470162,0,0.000880811392990137,0,0,0,0,0,0,0,0,0,0,0,0,0,0,0,0,0,0,0,0,0,0,0,0,0,0,0,0,0,0,0,0,0
"OTU1511",0,0,0,0,0,0,0,0,0,0,0,0,0,0,0,0,0,0,0,0,0,0,0,0,0,0,0,0,0,0,0,0.000407501916229249,0,0,0,0,0,0
"OTU1513",0,0,0,0,0,0,0,0.000679514011578919,0,0,0,0,0,0,0,0,0,0,0,0,0,0,0,0,0,0,0,0,0,0,0,0,0,0,0,0,0,0
"OTU1517",0,0,0,0,0,0,0,0,0,0,0,0,0,0,0,0,0,0,0,0,0,0,0,0,0,0,0.000483311536930687,0,0,0,0,0,0,0,0,0,0,0
"OTU152",0,0,0,0,0,0,0,0,0,0,0,0,0,0,0,0,0,0,0,0,0,0,0,0,0,0,0,0,0,0,0.277227643448862,0,0,0,0,0,0,0
"OTU1529",0,0,0.00186075615860888,0,0,0,0,0,0,0,0,0,0,0,0,0,0,0,0,0,0,0,0,0,0,0,0,0,0,0,0,0,0,0,0,0,0,0
"OTU153",0.00237800444156201,0,0,0,0,0,0,0,0,0,0,0,0,0,0,0,0,0,0,0,0,0,0,0,0,0,0,0,0,0,0,0,0,0,0,0,0,0
"OTU1539",0,0,0,0,0,0,0,0,0,0,0,0,0,0,0,0,0,0,0,0,0,0.000283083524538872,0,0,0,0,0,0,0,0,0,0,0,0,0,0,0,0
"OTU1540",0,0,0,0,0,0,0,0,0,0,0,0,0,0,0,0,0,0,0,0,0,0,0,0,0,0,0,0,0,0,0,0,0,0.00282332062839051,0,0,0,0
"OTU1543",0,0,0,0,0,0,0,0,0,0,0,0,0,0,0,0,0,0,0,0,0,0,0,0,0,0,0,0,0,0,0,0,0.000663282571912014,0,0,0,0,0
"OTU1560",0,0,0,0,0,0,0,0,0,0,0,0,0,0,0,0,0,0,0,0,0,0,0,0,0,0,0,0,0,0,0,0,0,0,0,0,0.00361950814746992,0
"OTU1563",0,0,0,0,0,0,0,0,0,0,0,0,0,0,0,0,0.00132356080552195,0,0,0,0,0,0,0,0,0,0,0,0,0,0,0,0,0,0,0,0,0
"OTU1566",0,0,0,0,0,0,0,0,0,0,0,0,0,0,0,0,0,0,0,0,0,0,0,0,0,0,0,0,0,0,0,0.000688872286958968,0,0,0,0,0,0
"OTU1569",0,0,0,0,0,0,0,0,0,0,0,0,0,0,0,0,0,0,0,0,0,0,0,0,0.00223550566166108,0,0,0,0,0,0,0,0,0,0,0,0,0
"OTU1575",0,0,0,0,0,0,0,0,0,0,0,0,0,0,0,0,0,0,0,0,0,0,0,0,0,0,0.00119406379712287,0,0,0,0,0,0,0,0,0,0,0
"OTU1581",0,0,0,0,0,0,0,0,0,0,0,0,0,0,0.000783486281232788,0,0,0,0,0,0,0,0,0,0,0,0,0,0,0,0,0,0,0,0,0,0,0
"OTU1595",0,0,0,0,0,0,0,0,0,0,0,0,0,0,0,0,0,0,0,0,0,0,0,0,0,0,0,0,0,0,0,0,0,0,0,0,0.00204580895291778,0
"OTU1621",0,0,0,0,0,0,0,0,0,0,0,0,0,0,0,0,0,0,0,0,0,0.00111743496528502,0,0,0,0,0,0,0,0,0,0,0,0,0,0,0,0
"OTU1625",0.00165084605860504,0,0,0,0,0,0,0,0,0,0,0,0,0,0,0,0,0,0,0,0,0,0,0,0,0,0,0,0,0,0,0,0,0,0,0,0,0
"OTU1628",0,0,0,0,0,0,0,0,0,0,0,0,0,0,0,0.00105363669289783,0,0,0,0,0,0,0,0,0,0,0,0,0,0,0,0,0,0,0,0,0,0
"OTU1629",0,0,0,0,0,0,0,0,0,0,0,0,0,0,0,0,0,0,0,0,0,0,0,0,0,0,0.002729288679138,0,0,0,0,0,0,0,0,0,0,0
"OTU163",0,0,0,0,0,0,0,0,0,0,0,0,0,0,0,0,0,0,0.677071082920434,0,0,0,0,0,0,0,0,0,0,0,0,0,0,0,0.00308931978018849,0,0,0
"OTU1636",0.000255488080498398,0,0,0,0,0,0,0,0.000534999939204552,0,0,0,0,0,0,0,0,0,0,0,0,0,0,0,0,0,0,0,0,0,0,0,0,0,0,0,0,0
"OTU1638",0,0,0,0,0.000218022622027262,0,0,0,0,0,0,0,0,0,0,0,0,0,0,0,0,0,0,0,0,0,0,0,0,0,0,0,0,0,0,0,0,0
"OTU164",0,0,0,0,0,0,0,0,0,0,0,0,0,0,0,0,0,0,0,0,0,0,0,0,0,0,0,0,0,0,0,0,0,0,0.000427094900486888,0,0,0
"OTU165",0,0,0,0,0,0,0,0,0,0,0,0,0,0,0,0,0,0,0,0,0,0,0.716533953444672,0,0,0,0,0,0,0,0,0,0,0,0,0,0,0
"OTU1653",0,0,0,0,0,0,0,0,0,0,0,0,0,0,0,0,0,0,0,0,0,0,0,0,0,0,0,0,0,0,0.000304443269400247,0,0,0,0,0,0,0
"OTU1655",0,0,0,0,0,0,0,0,0,0,0.000423023266279645,0,0,0,0,0,0,0,0,0,0,0,0,0,0,0,0,0,0,0,0,0,0,0,0,0,0,0
"OTU1659",0,0,0,0,0,0,0,0,0,0,0,0,0,0,0,0,0,0,0,0,0,0,0,0,0,0,0,0,0.00115893064094757,0,0,0,0,0,0,0,0,0
"OTU167",0,0,0,0,0,0,0,0,0,0,0,0,0,0,0,0,0,0,0,0,0,0,0.164212059286402,0,0,0,0,0,0,0,0,0,0,0,0,0,0,0
"OTU1671",0,0,0,0,0,0,0,0,0,0,0,0,0,0,0,0,0,0,0,0,0,0,0,0.000619633531025936,0,0,0,0,0,0,0,0,0,0,0,0,0,0
"OTU1674",0,0,0,0,0,0,0,0,0,0,0,0,0,0,0,0,0,0,0,0,0,0,0,0,0,0,0,0,0,0,0,0,0.00113705583756345,0,0,0,0,0
"OTU1678",0,0,0,0,0,0,0,0.000862982794705227,0,0,0,0,0,0,0,0,0,0,0,0,0,0,0,0,0,0,0,0,0,0,0,0,0,0,0,0,0,0
"OTU168",0,0,0,0,0,0,0,0,0,0,0,0,0,0,0,0,0,0,0,0,0,0,0,0,0.0432035768090587,0,0,0,0,0,0,0,0.0011912013536379,0,0,0,0,0
"OTU1682",0,0,0,0,0,0,0,0,0,0,0,0,0,0,0,0,0,0,0,0,0,0,0,0,0,0,0,0,0,0,0,0,0,0.00179482525661968,0,0,0,0
"OTU1684",0,0,0,0,0,0,0,0.000937729335978908,0,0,0,0,0,0,0,0,0,0,0,0,0,0,0,0,0,0,0,0,0,0,0,0,0,0,0,0,0,0
"OTU1693",0,0,0,0,0,0,0,0,0,0,0,0,0,0,0,0,0,0,0,0,0,0,0,0,0,0,0,0,0,0,0,0,0.000988155668358714,0,0,0,0,0
"OTU1696",0,0,0.00134204979581083,0,0,0,0,0,0,0,0,0,0,0,0,0,0,0,0,0,0,0,0,0,0,0,0,0,0,0,0,0,0,0,0,0,0,0
"OTU1706",0,0,0,0,0,0,0,0,0,0,0,0,0,0,0,0,0,0,0,0,0,0,0,0,0.00174952616999563,0,0,0,0,0,0,0,0,0,0,0,0,0
"OTU1718",0,0,0,0,0,0,0,0,0,0,0,0,0,0.000859922745650109,0,0,0,0,0,0,0,0,0,0,0,0,0,0,0,0,0,0,0,0,0,0,0,0
"OTU1725",0,0,0,0,0,0,0,0,0,0,0,0,0,0,0.00079900086105918,0,0,0,0,0,0,0,0,0,0,0,0,0,0,0,0,0,0,0,0,0,0,0
"OTU1726",0.00133639919029931,0,0,0,0,0,0,0,0,0,0,0,0,0,0,0,0,0,0,0,0,0,0,0,0,0,0,0,0,0,0,0,0,0,0,0,0,0
"OTU1728",0,0,0,0,0,0,0,0,0,0,0,0,0,0,0,0,0,0,0,0,0,0,0,0,0.00233270155999417,0,0,0,0,0,0,0,0,0,0,0,0,0
"OTU173",0,0,0,0,0,0,0,0,0,0,0,0,0,0,0,0,0,0,0,0,0,0,0,0,0,0,0,0,0.000432143628827909,0,0,0,0,0,0,0,0,0
"OTU1735",0,0,0,0,0,0,0,0,0,0,0,0,0,0,0,0,0,0,0,0,0,0,0,0,0,0,0,0,0,0,0,0,0,0,0.000355912417072407,0,0,0
"OTU1737",0,0,0,0,0,0,0,0,0,0,0,0,0,0,0,0,0,0,0,0,0,0,0,0,0,0,0,0,0,0,0,0,0,0,0,0,0.00155939283823803,0
"OTU1742",0,0,0,0,0,0,0,0,0,0,0,0,0,0,0,0,0,0,0,0,0,0,0,0,0,0,0,0.000622069823544584,0,0,0,0,0,0,0,0,0,0
"OTU1744",0,0,0,0,0,0,0,0,0.000419488588694479,0,0,0,0,0,0,0,0,0,0,0,0,0,0,0,0,0,0,0,0,0,0,0,0,0,0,0,0,0
"OTU1754",0,0,0,0,0,0,0,0,0,0,0,0,0,0,0,0,0,0,0,0,0,0,0,0,0,0,0.00304201967362256,0,0,0,0,0,0,0,0,0,0,0
"OTU176",0,0,0,0,0.087052072523045,0,0,0,0,0,0,0,0,0,0,0,0,0,0,0,0,0,0,0,0,0,0,0,0,0,0,0,0,0,0,0,0,0
"OTU1760",0,0,0,0,0,0,0,0,0,0,0,0,0,0,0,0,0.000953533053440546,0,0,0,0,0,0,0,0,0,0,0,0,0,0,0,0,0,0,0,0,0
"OTU1764",0,0,0,0,0,0,0,0,0,0,0,0.00210450091647621,0,0,0,0,0,0,0,0,0,0,0,0,0,0,0,0,0,0,0,0,0,0,0,0,0,0
"OTU1765",0,0,0,0,0,0,0,0,0,0,0,0,0,0,0,0,0,0,0,0,0,0,0,0,0,0.000500938197811155,0,0,0,0,0,0,0,0,0,0,0,0
"OTU1780",0,0,0,0,0,0,0,0,0,0,0,0,0,0,0,0,0,0,0,0,0,0,0,0,0,0,0,0,0,0,0,0.000523931035151892,0,0,0,0,0,0
"OTU1782",0,0,0,0,0,0,0,0,0,0,0,0,0,0,0,0,0.00153703835479969,0,0,0,0,0,0,0,0,0,0,0,0,0,0,0,0,0,0,0,0,0
"OTU1788",0.00163119312933593,0,0,0,0,0,0,0,0,0,0,0,0,0,0,0,0,0,0,0,0,0,0,0,0,0,0,0,0,0,0,0,0,0,0,0,0,0
"OTU1790",0,0,0,0,0,0,0,0,0,0,0,0,0,0,0,0,0,0,0,0,0,0,0,0,0,0,0,0,0.000432143628827909,0,0,0,0,0,0,0,0,0
"OTU1792",0,0,0,0,0,0,0,0,0,0,0,0,0,0,0,0,0,0,0,0,0,0,0.00162074554294976,0,0,0,0,0,0,0,0,0,0,0,0,0,0,0
"OTU1795",0,0,0,0,0,0,0,0,0,0,0,0.00285125930619357,0,0,0,0,0,0,0,0,0,0,0,0,0,0,0,0,0,0,0,0,0,0,0,0,0,0
"OTU1801",0,0,0,0,0,0,0,0,0,0,0,0,0,0,0.000488709264531343,0,0,0,0,0,0,0,0,0,0,0,0,0,0,0,0,0,0,0,0,0,0,0
"OTU1808",0,0,0,0,0,0,0,0,0,0,0,0,0,0,0,0,0,0,0,0,0,0,0,0,0,0,0,0.00113793260404497,0,0,0,0,0,0,0,0,0,0
"OTU1819",0,0,0.0010374127255961,0,0,0,0,0,0,0,0,0,0,0,0,0,0,0,0,0,0,0,0,0,0,0,0,0,0,0,0,0,0,0,0,0,0,0
"OTU1820",0,0,0,0,0,0,0,0,0,0,0,0.000407322758027653,0,0,0,0,0,0,0,0,0,0,0,0,0,0,0,0,0,0,0,0,0,0,0,0,0,0
"OTU1831",0,0,0,0,0,0,0,0,0,0,0,0,0,0,0,0,0,0,0,0,0,0,0,0,0,0,0,0.000227586520808994,0,0,0,0,0,0,0,0,0,0
"OTU1833",0,0,0,0,0,0,0,0,0,0,0,0,0,0,0,0,0,0,0,0,0,0,0,0,0,0,0,0,0,0,0.000737073178547966,0,0,0,0,0,0,0
"OTU1836",0,0,0,0,0,0,0,0,0,0,0,0,0,0,0,0,0,0,0,0,0,0,0,0,0,0.000781123969468241,0,0,0,0,0,0,0,0,0,0,0,0
"OTU1838",0,0,0,0,0,0,0,0,0,0,0,0,0,0,0,0,0,0,0.00381730898995546,0,0,0,0,0,0,0,0,0,0,0,0,0,0,0,0,0,0,0
"OTU1839",0,0,0,0,0,0,0,0,0,0,0,0,0,0,0,0,0,0,0,0,0,0,0,0,0,0,0,0,0,0,0,0,0,0.00118982797910743,0,0,0,0
"OTU1845",0,0,0,0,0,0,0,0,0,0,0.000270014850816795,0,0,0,0,0,0,0,0,0,0,0,0,0,0,0,0,0,0,0,0,0,0.000487309644670051,0,0,0,0,0
"OTU1846",0,0,0,0,0,0,0,0,0.000419488588694479,0,0,0,0,0,0,0,0,0,0,0,0,0,0,0,0,0,0,0,0,0,0,0,0,0,0,0,0,0
"OTU1850",0,0,0,0,0,0,0,0,0,0,0,0,0,0,0,0,0,0,0,0,0,0,0,0,0,0,0,0,0,0,0,0,0.000785109983079526,0,0,0,0,0
"OTU1851",0,0,0,0,0,0,0,0,0.000310056782948093,0,0,0,0,0,0,0,0,0,0,0,0,0,0,0,0,0,0,0,0,0,0,0,0,0,0,0,0,0
"OTU186",0.00446121494408742,0,0,0,0,0,0,0,0,0,0,0,0,0,0,0,0,0,0,0,0,0,0,0,0,0,0,0,0,0,0,0,0,0,0,0,0,0
"OTU187",0,0,0,0,0,0,0,0,0,0,0,0,0,0,0,0,0,0,0,0,0,0,0,0,0,0,0,0,0,0,0.143729269816853,0,0,0,0,0,0,0
"OTU1872",0,0,0,0,0,0,0,0,0.000516761304913488,0,0,0,0,0,0,0,0,0,0,0,0,0,0,0,0,0,0,0,0,0,0,0,0,0,0,0,0,0
"OTU1876",0,0,0,0,0,0,0,0,0,0,0,0,0,0,0,0,0,0,0,0,0,0,0,0,0,0,0.00199010632853812,0,0,0,0,0,0,0,0,0,0,0
"OTU1877",0,0,0,0,0,0,0,0,0,0,0,0,0,0,0,0,0,0,0,0,0,0,0,0,0,0,0,0,0.00170893162309218,0,0,0,0,0,0,0,0,0
"OTU1878",0,0,0,0,0,0,0,0,0,0,0,0,0,0,0.00126443825585094,0,0,0,0,0,0,0,0,0,0,0,0,0,0,0,0,0,0,0,0,0,0,0
"OTU1880",0,0,0,0,0,0,0,0,0,0,0,0,0,0,0,0,0,0,0,0,0,0,0,0,0,0,0.000426451356115312,0,0,0,0,0,0,0,0,0,0,0
"OTU1890",0,0,0,0,0,0,0,0,0,0,0,0,0,0,0,0.000603646021972715,0,0,0,0,0,0,0,0,0,0,0,0,0,0,0,0,0,0,0,0,0,0
"OTU1896",0,0,0,0,0,0,0,0,0,0,0,0,0,0,0.000822272730798768,0,0,0,0,0,0,0,0,0,0,0,0,0,0,0,0,0,0,0,0,0,0,0
"OTU190",0.441070691586581,0,0,0,0,0,0,0,0,0,0,0,0,0,0.00523617069140725,0,0,0,0,0,0,0,0,0,0,0,0.0006823221697845,0,0,0,0,0,0,0,0,0,0,0
"OTU191",0,0,0,0,0,0,0,0.000224239623821043,0,0,0,0,0,0,0,0,0,0,0,0,0,0,0,0,0,0,0,0,0,0,0,0,0,0,0,0,0,0
"OTU1914",0,0,0,0,0.000462207958697795,0,0,0,0,0,0,0,0,0,0,0,0,0,0,0,0,0,0,0,0,0,0,0,0,0,0,0,0,0,0,0,0,0
"OTU1916",0,0,0,0,0.000636626056319604,0,0,0,0,0,0,0,0,0,0,0,0,0,0,0,0,0,0,0,0,0,0,0,0,0,0,0,0,0,0,0,0,0
"OTU1920",0,0,0,0,0,0,0,0,0,0,0,0,0,0,0,0,0.00185013876040703,0,0,0,0,0,0,0,0,0,0,0,0,0,0,0,0,0,0,0,0,0
"OTU1926",0,0,0,0,0,0,0,0,0,0,0,0,0,0,0,0,0,0,0,0,0,0,0,0.0022129768965212,0,0,0,0,0,0,0,0,0,0,0,0,0,0
"OTU1927",0,0,0,0,0,0,0,0,0,0,0,0,0,0,0,0,0,0,0,0,0,0,0,0,0,0,0,0,0,0,0,0,0.000446700507614213,0,0,0,0,0
"OTU1931",0,0,0,0,0.000514533387984337,0,0,0,0,0,0,0,0,0,0,0,0,0,0,0,0,0,0,0,0,0,0,0,0,0,0,0,0,0,0,0,0,0
"OTU1935",0,0,0,0,0,0,0,0,0,0,0,0,0,0,0,0.000867055195197173,0,0,0,0,0,0,0,0,0,0,0,0,0,0,0,0,0,0,0,0,0,0
"OTU1939",0,0,0,0,0,0,0,0,0,0,0,0,0,0,0,0,0,0,0,0,0,0,0,0,0,0,0,0,0.00100178750319197,0,0,0,0,0,0,0,0,0
"OTU1943",0,0,0,0,0,0,0,0,0,0,0,0,0,0,0,0,0,0,0,0,0,0,0,0,0,0,0,0,0,0,0,0,0.000690355329949239,0,0,0,0,0
"OTU1944",0,0,0,0,0,0,0,0.000434888967410508,0,0,0,0,0,0,0,0,0,0,0,0,0,0,0,0,0,0,0,0,0,0,0,0,0,0,0,0,0,0
"OTU1946",0,0,0,0,0.000261627146432714,0,0,0,0,0,0,0,0,0,0,0,0,0,0,0,0,0,0,0,0,0,0,0,0,0,0,0,0,0,0,0,0,0
"OTU1949",0,0,0,0,0,0,0,0,0,0,0.000675037127041987,0,0,0,0,0,0,0,0,0,0,0,0,0,0,0,0,0,0,0,0,0,0,0,0,0,0,0
"OTU195",0,0,0,0,0,0,0,0,0,0,0,0,0,0,0,0,0,0,0,0,0,0,0,0,0,0,0,0,0,0,0,0,0,0.00256115514146853,0,0,0,0
"OTU1963",0,0,0,0,0,0,0,0,0,0,0,0,0,0,0.000845544600538356,0,0,0,0,0,0,0,0,0,0,0,0,0,0,0,0,0,0,0,0,0,0,0
"OTU1965",0,0,0,0,0,0,0,0,0,0,0,0,0,0,0.000496466554444539,0,0,0,0,0,0,0,0,0,0,0,0,0,0,0,0,0,0,0,0,0,0,0
"OTU1971",0,0,0,0,0,0,0,0,0,0,0,0,0,0,0,0,0,0,0,0,0,0,0,0,0,0.000534900109527165,0,0,0,0,0,0,0,0,0,0,0,0
"OTU1972",0,0,0,0,0,0,0,0,0,0,0,0,0,0,0,0,0,0,0,0,0,0,0,0,0,0,0,0,0,0,0,0,0,0,0,0,0.000743930528333739,0
"OTU1974",0,0,0,0,0,0,0,0,0,0,0,0,0,0,0,0,0,0,0,0,0,0,0.00115096422615273,0,0,0,0,0,0,0,0,0,0,0,0,0,0,0
"OTU1975",0,0,0,0,0,0,0,0,0,0,0,0,0,0,0,0,0,0,0,0,0,0,0,0,0,0,0,0,0,0,0,0,0.000663282571912014,0,0,0,0,0
"OTU1976",0,0,0,0,0,0,0,0,0,0,0,0,0,0,0,0,0,0,0,0,0,0,0,0,0,0,0,0,0,0,0,0,0,0,0,0,0.000701011459391408,0
"OTU1979",0,0,0,0,0,0,0,0,0,0,0,0,0,0,0,0,0,0,0,0,0,0,0,0,0,0,0,0,0,0,0.000392571584226634,0,0,0,0,0,0,0
"OTU198",0,0,0,0,0,0,0,0,0,0,0,0,0,0,0,0,0,0,0,0,0,0,0,0,0,0.277867871182469,0,0,0,0,0,0,0,0,0,0,0,0
"OTU1982",0,0,0,0,0,0,0,0,0,0,0.000315017325952927,0,0,0,0,0,0,0,0,0,0,0,0,0,0,0,0,0,0,0,0,0,0,0,0,0,0,0
"OTU1983",0,0,0,0,0,0,0,0,0,0,0,0,0,0,0,0,0,0,0,0,0,0,0,0,0,0,0,0,0,0,0,0,0.000717428087986464,0,0,0,0,0
"OTU2",0,0,0,0,0,0,0,0,0,0,0.000882048512668197,0,0,0,0,0,0,0,0,0,0,0,0,0,0,0,0,0,0.00159107426977548,0,0,0,0.000351945854483926,0,0,0,0,0
"OTU200",0,0,0.00265939928863127,0,0,0,0,0,0,0,0,0,0,0,0,0,0,0,0,0,0,0,0,0,0,0,0,0,0,0,0,0,0,0,0,0,0,0
"OTU2005",0,0,0.000526939797128178,0,0,0,0,0,0,0,0,0,0,0,0,0,0,0,0,0,0,0,0,0,0,0,0,0,0,0,0,0,0,0,0,0,0,0
"OTU2007",0,0,0,0,0,0,0,0,0.0002553408800749,0,0,0,0,0,0,0,0,0,0,0,0,0,0,0,0,0,0,0,0,0,0,0,0,0,0,0,0,0
"OTU2017",0,0,0,0,0,0,0,0,0,0,0,0,0,0,0,0,0,0,0,0,0,0,0,0,0,0,0,0,0,0,0,0,0,0,0,0,0.000457803402051532,0
"OTU2018",0,0,0,0,0,0,0,0,0,0,0,0,0,0,0,0,0,0,0,0,0,0,0,0,0,0,0,0,0,0,0,0,0,0,0,0,0.000443497045737421,0
"OTU2019",0,0,0,0,0,0,0,0,0,0,0,0,0,0,0,0,0,0,0,0,0,0,0,0,0,0,0,0,0,0,0,0,0,0,0,0,0.00111589579250061,0
"OTU202",0,0,0.00162198656303517,0,0,0,0,0,0,0,0,0,0,0,0,0,0,0,0,0,0,0,0,0,0,0,0,0,0,0,0,0,0,0,0,0,0,0
"OTU2024",0.000275141009767506,0,0,0,0,0,0,0,0,0,0,0,0,0,0,0,0,0,0,0,0,0,0,0,0,0,0,0,0,0,0,0,0,0,0,0,0,0
"OTU2027",0,0,0,0,0,0,0,0,0,0,0,0,0,0,0,0,0,0,0,0,0,0,0,0,0,0,0,0,0.00139464534758098,0,0,0,0,0,0,0,0,0
"OTU2035",0,0,0,0,0,0,0,0,0,0,0,0,0,0,0,0,0,0,0,0,0,0,0,0,0,0,0,0,0,0,0,0.000223155811268398,0,0,0,0,0,0
"OTU2041",0,0,0,0,0,0,0,0,0,0,0,0,0,0,0,0,0,0,0,0,0,0,0.00108049702863317,0,0,0,0,0,0,0,0,0,0,0,0,0,0,0
"OTU2048",0,0,0,0,0,0,0,0,0,0,0,0,0,0,0,0,0,0,0,0,0,0,0,0,0,0,0,0,0,0,0,0,0,0,0,0,0.000286127126282207,0
"OTU2049",0,0,0,0,0,0,0,0,0,0,0,0,0,0,0,0,0,0,0,0,0,0,0,0,0,0,0,0,0,0,0,0.000218304597979955,0,0,0,0,0,0
"OTU2053",0,0,0,0,0,0,0,0,0,0,0,0,0,0,0,0,0,0,0,0,0,0,0,0,0,0,0,0,0,0,0,0.000339584930191041,0,0,0,0,0,0
"OTU2056",0,0,0,0,0,0,0,0,0,0,0,0,0,0,0,0.000493892199795858,0,0,0,0,0,0,0,0,0,0,0,0,0,0,0,0,0,0,0,0,0,0
"OTU206",0.0102981349370124,0,0,0,0,0,0,0,0,0,0,0,0,0,0.000504223844357735,0,0,0,0,0.000289337077695515,0,0,0,0,0,0,0.000398021265707625,0,0,0,0,0,0,0,0,0,0,0
"OTU2084",0,0,0,0,0,0,0,0,0,0,0,0,0,0,0,0,0,0,0,0,0,0,0,0,0,0,0,0,0,0,0.000352513259305549,0,0,0,0,0,0,0
"OTU2091",0,0,0,0,0,0,0,0,0,0,0,0,0,0,0,0,0,0,0,0,0,0,0,0.00126877342067215,0,0,0,0,0,0,0,0,0,0,0,0,0,0
"OTU2092",0,0,0,0,0,0,0,0,0,0,0,0,0,0,0,0,0,0,0,0,0,0,0,0,0,0,0,0,0,0,0,0,0.00135363790186125,0,0,0,0,0
"OTU2093",0,0,0,0,0,0,0,0,0,0,0,0,0,0,0,0,0,0,0,0,0,0,0,0,0,0,0,0,0,0,0,0,0.000690355329949239,0,0,0,0,0
"OTU21",0,0,0,0,0,0,0,0,0,0,0,0,0,0,0,0,0,0,0,0,0,0,0,0,0,0,0,0.977954452350969,0,0,0,0,0,0,0,0,0,0
"OTU210",0,0.0500805441202792,0,0,0,0,0,0,0,0,0,0,0,0,0,0,0,0,0,0,0,0,0,0,0,0,0,0,0,0,0,0,0,0,0,0,0,0
"OTU2100",0,0,0,0,0,0,0,0.000516430648799978,0,0,0,0,0,0,0,0,0,0,0,0,0,0,0,0,0,0,0,0,0,0,0,0,0,0,0,0,0,0
"OTU211",0.00108091110980092,0,0,0,0,0,0,0,0,0,0,0,0,0,0,0,0,0,0,0,0,0,0,0,0,0,0,0,0,0,0,0,0,0,0,0,0,0
"OTU2118",0,0,0,0,0,0,0,0,0,0,0,0,0,0,0,0,0,0,0,0,0,0,0,0,0,0,0,0,0,0,0,0,0,0.000846996188517152,0,0,0,0
"OTU2132",0,0,0,0,0,0,0,0,0,0,0,0,0,0,0,0,0,0,0,0,0,0,0,0,0,0,0,0,0,0.000196027182435964,0,0,0,0,0,0,0,0
"OTU2134",0,0,0,0,0,0,0,0,0,0,0,0,0,0,0,0,0,0,0,0,0,0,0,0,0,0,0,0,0,0,0,0,0,0,0,0,0.000643786034134966,0
"OTU2139",0,0,0,0,0,0,0,0,0,0,0,0,0,0,0,0,0,0,0,0,0,0,0,0,0,0,0,0,0,0,0.000552804883910974,0,0,0,0,0,0,0
"OTU2145",0,0,0,0,0,0,0,0,0,0,0,0,0,0,0,0,0,0.000702478103608047,0,0,0,0,0,0,0,0,0,0,0,0,0,0,0,0,0,0,0,0
"OTU215",0,0,0,0.000581015324279178,0,0,0,0,0,0,0,0,0,0,0.170272513594651,0,0,0,0,0,0,0,0,0,0,0,0,0,0,0,0,0,0,0,0,0,0,0
"OTU2150",0,0,0.000543406665788434,0,0,0,0,0,0,0,0,0,0,0,0,0,0,0,0,0,0,0,0,0,0,0,0,0,0,0,0,0,0,0,0,0,0,0
"OTU2154",0,0,0,0,0,0,0,0,0,0,0,0,0,0,0,0,0,0,0,0,0,0,0,0,0.000971958983330903,0,0,0,0,0,0,0,0,0,0,0,0,0
"OTU2159",0,0,0,0,0,0,0,0,0,0,0,0,0,0,0,0,0,0,0,0,0,0,0,0,0,0,0,0,0,0,0,0,0,0,0,0,0.000701011459391408,0
"OTU216",0,0,0,0,0,0,0,0,0,0,0,0,0.0275624761044107,0.000561723729013377,0,0,0,0,0,0,0,0,0,0,0,0,0.00344004093933019,0,0,0.000805889527792298,0,0,0,0.0518885998346341,0,0,0,0
"OTU2160",0,0,0,0,0,0,0,0,0,0,0,0,0,0,0,0,0,0,0,0,0,0,0,0,0,0,0,0,0,0,0,0,0,0,0,0,0.000557947896250304,0
"OTU2165",0,0,0,0,0,0,0,0,0,0,0,0,0,0,0,0,0,0,0,0,0,0,0,0,0,0,0,0,0,0,0.000400583249210851,0,0,0,0,0,0,0
"OTU2169",0,0,0,0,0.000348836195243618,0,0,0,0,0,0,0,0,0,0,0,0,0,0,0,0,0,0,0,0,0,0,0,0,0,0,0,0,0,0,0,0,0
"OTU217",0,0,0.00243709656171782,0,0.0281859645756844,0,0,0,0,0,0,0,0.00761183135796462,0,0,0,0,0,0,0,0,0,0,0,0,0,0,0,0.00127678799426428,0,0,0,0,0,0,0,0,0
"OTU2179",0,0,0,0,0,0,0,0,0,0,0,0,0,0,0,0,0,0,0,0,0,0,0,0,0,0,0,0,0,0,0,0,0,0,0,0,0.000772543240961959,0
"OTU2183",0,0,0,0,0,0,0,0,0.000334374962002845,0,0,0,0,0,0,0,0,0,0,0,0,0,0,0,0,0,0,0,0,0,0,0,0,0,0,0,0,0
"OTU2186",0,0,0,0,0,0,0,0,0,0,0,0,0,0,0.000395621785572992,0,0,0,0,0,0,0,0,0,0,0,0,0,0,0,0,0,0,0,0,0,0,0
"OTU219",0,0,0,0,0.0804241848134162,0,0,0,0,0,0,0,0,0,0,0,0,0,0,0,0,0,0,0,0,0,0,0,0,0,0,0,0,0,0,0,0,0
"OTU2192",0,0,0,0,0,0,0,0,0,0,0,0,0,0,0,0,0,0,0,0,0,0,0,0,0,0,0,0,0,0,0,0,0,0,0.00061216935736454,0,0,0
"OTU2194",0,0,0,0,0,0,0,0,0,0,0,0,0,0,0,0,0,0.000627746390458255,0,0,0,0,0,0,0,0,0,0,0,0,0,0,0,0,0,0,0,0
"OTU2198",0,0,0,0,0,0,0,0,0,0,0,0,0,0,0,0,0,0,0,0,0,0,0,0,0,0,0.00130778415875362,0,0,0,0,0,0,0,0,0,0,0
"OTU2199",0,0,0,0,0,0,0,0,0,0,0,0,0,0,0,0,0,0,0.000732614856658119,0,0,0,0,0,0,0,0,0,0,0,0,0,0,0,0,0,0,0
"OTU22",0.0182575712910009,0,0.000312870504544856,0,0,0,0,0,0,0,0,0,0.00632581418789754,0,0,0,0,0,0,0,0,0,0,0,0,0,0.000909762893046,0,0.0376947101691253,0,0,0,0.756060913705584,0.00288382035614173,0.00145212266165542,0,0,0
"OTU2202",0,0,0,0,0,0,0,0,0,0,0,0,0,0,0,0,0,0,0,0,0,0,0.00108049702863317,0,0,0,0,0,0,0,0,0,0,0,0,0,0,0
"OTU2206",0,0,0,0,0,0,0,0,0,0,0,0,0,0,0,0,0,0,0,0,0,0,0,0,0,0,0,0,0,0,0,0,0,0,0,0,0.000543641539936194,0
"OTU2221",0.000294793939036613,0,0,0,0,0,0,0,0,0,0,0,0,0,0,0,0,0,0,0,0,0,0,0,0,0,0,0,0,0,0,0,0,0,0,0,0,0
"OTU2224",0,0,0,0,0,0,0,0,0,0,0,0,0,0,0,0,0,0,0,0,0,0,0,0,0,0,0,0,0,0,0,0.000402650702940806,0,0,0,0,0,0
"OTU2227",0,0,0,0,0,0,0,0,0,0,0,0,0,0,0,0,0,0,0,0,0,0,0.000399314119277476,0,0,0,0,0,0,0,0,0,0,0,0,0,0,0
"OTU2228",0,0,0,0,0,0,0,0,0,0,0,0,0,0,0,0,0,0,0,0,0,0,0,0,0,0,0,0,0,0,0,0,0,0,0,0,0.000314739838910428,0
"OTU2235",0,0,0,0,0,0,0,0,0.000316136327711781,0,0,0,0,0,0,0,0,0,0,0,0,0,0,0,0,0,0,0,0,0,0,0,0,0,0,0,0,0
"OTU2242",0,0,0,0,0,0,0,0,0.000376931775348662,0,0,0,0,0,0,0,0,0,0,0,0,0,0,0,0,0,0,0,0,0,0,0,0,0,0,0,0,0
"OTU225",0,0,0,0,0,0,0,0,0,0,0,0,0,0,0,0,0,0,0,0,0,0,0,0,0,0,0,0,0,0,0,0.000771342912862507,0,0,0,0,0,0
"OTU2250",0,0,0,0,0,0,0,0,0,0,0,0,0,0,0,0,0,0,0.00117603963831961,0,0,0,0,0,0,0,0,0,0,0,0,0,0,0,0,0,0,0
"OTU2259",0,0,0,0,0,0,0,0.000394118126715773,0,0,0,0,0,0,0,0,0,0,0,0,0,0,0,0,0,0,0,0,0,0,0,0,0,0,0,0,0,0
"OTU226",0,0,0,0,0,0,0,0,0,0,0,0,0,0,0,0,0,0,0,0,0,0,0,0,0,0,0,0,0.335107741263824,0,0,0,0,0,0,0,0,0
"OTU2261",0,0,0,0,0,0,0,0,0,0,0,0,0,0,0,0,0,0,0,0,0,0,0,0,0,0,0,0,0,0,0.000352513259305549,0,0,0,0,0,0,0
"OTU2263",0,0,0,0,0,0,0,0,0,0,0.00034651905854822,0,0,0,0,0,0,0,0,0,0,0,0,0,0,0,0,0,0,0,0,0,0,0,0,0,0,0
"OTU2278",0,0,0,0,0,0,0,0,0,0,0,0,0,0,0,0,0,0,0,0,0,0,0,0,0,0,0,0,0,0,0.000208303289589643,0,0,0,0,0,0,0
"OTU2280",0,0,0,0,0,0,0,0.000815416813894703,0,0,0,0,0,0,0,0,0,0,0,0,0,0,0,0,0,0,0,0,0,0,0,0,0,0,0,0,0,0
"OTU2282",0,0,0,0,0,0,0,0,0,0,0,0,0,0,0,0.000504867582013544,0,0,0,0,0,0,0,0,0,0,0,0,0,0,0,0,0,0,0,0,0,0
"OTU2283",0,0,0,0,0,0,0,0.000455274387757876,0,0,0,0,0,0,0,0.000285359937659829,0,0,0,0,0,0,0,0,0,0,0,0,0,0,0,0,0,0,0,0,0,0
"OTU2284",0,0,0,0,0,0,0,0,0,0,0,0,0,0,0,0,0,0,0,0,0,0,0,0,0,0,0,0,0,0,0,0,0,0,0,0,0.00101575129830184,0
"OTU2286",0,0,0,0,0,0,0,0,0,0,0,0,0,0,0,0,0,0,0,0,0,0,0,0,0,0,0,0,0,0,0,0,0,0,0,0,0.000500722470993863,0
"OTU2295",0.00121848161468467,0,0,0,0,0,0,0,0,0,0,0,0,0,0,0,0,0,0,0,0,0,0,0,0,0,0,0,0,0,0,0,0,0,0,0,0,0
"OTU23",0,0,0,0,0,0,0,0,0,0,0,0,0,0,0,0,0,0,0,0,0.00150895944671487,0,0,0,0,0,0,0,0.000805358580997466,0,0,0,0,0,0,0,0,0
"OTU2300",0,0,0,0,0,0,0,0,0,0,0,0,0,0.000235785268968578,0,0,0,0,0,0,0,0,0,0,0,0,0,0,0,0,0,0,0,0,0,0,0,0
"OTU2308",0,0,0,0,0,0,0,0,0,0,0,0,0,0,0,0,0,0,0,0,0,0,0,0,0,0,0,0,0,0,0,0,0,0,0,0,0.000486416114679752,0
"OTU2320",0,0,0,0,0,0,0,0,0,0,0,0,0,0,0,0,0,0,0,0,0,0,0,0,0,0,0,0,0,0,0,0,0,0,0,0,0.000486416114679752,0
"OTU2327",0,0,0,0,0,0,0,0,0,0,0,0,0,0,0,0,0,0,0,0,0,0,0,0,0,0,0,0,0,0,0,0,0,0,0.00095384527775405,0,0,0
"OTU2328",0,0,0,0,0,0,0,0,0,0,0,0,0,0,0,0,0,0,0,0,0,0,0,0,0,0,0.00127935406834594,0,0,0,0,0,0,0,0,0,0,0
"OTU2332",0,0,0,0,0,0,0,0,0,0,0,0,0,0,0,0,0,0,0,0,0,0,0.000775139172715101,0,0,0,0,0,0,0,0,0,0,0,0,0,0,0
"OTU2333",0,0,0,0,0,0,0,0.0002514201842842,0,0,0,0,0,0,0,0,0,0,0,0,0,0,0,0,0,0,0,0,0,0,0,0,0,0,0,0,0,0
"OTU2334",0,0,0,0,0,0,0,0.000346552145905249,0,0,0,0,0,0,0,0,0,0,0,0,0,0,0,0,0,0,0,0,0,0,0,0,0,0,0,0,0,0
"OTU234",0,0,0,0,0,0,0,0,0,0,0,0,0,0,0,0,0,0,0,0,0,0,0,0,0,0,0,0,0,0,0,0.0115458876264954,0,0,0,0,0,0
"OTU2345",0.000471670302458581,0,0,0,0,0,0,0,0,0,0,0,0,0,0,0,0,0,0,0,0,0,0,0,0,0,0,0,0,0,0,0,0,0,0,0,0,0
"OTU2347",0,0,0,0,0,0,0,0,0,0,0,0,0,0,0,0,0,0,0,0,0,0,0.00030535785591807,0,0,0,0,0,0,0,0,0,0,0,0,0,0,0
"OTU2349",0,0,0,0,0,0,0,0,0,0,0,0,0,0,0,0,0,0,0,0,0,0,0,0,0,0,0,0,0,0,0.000304443269400247,0,0,0,0,0,0,0
"OTU235",0,0,0,0,0,0,0,0,0,0,0,0,0,0,0.000721427961927221,0,0,0,0,0,0,0,0,0,0,0,0,0,0,0,0,0,0,0,0,0,0,0
"OTU2355",0,0,0,0,0,0,0,0,0,0,0,0,0,0,0,0,0,0,0,0,0,0,0,0,0,0,0,0,0,0,0,0.000218304597979955,0,0,0,0,0,0
"OTU2356",0,0,0,0,0,0,0,0,0,0,0,0,0,0,0,0,0,0,0,0,0,0,0,0,0,0,0,0,0,0,0,0.000383245849787032,0,0,0,0,0,0
"OTU2359",0,0,0,0,0,0,0,0,0,0,0,0,0,0,0,0,0,0,0,0,0,0,0,0,0,0,0,0,0,0,0,0,0,0,0,0,0.00040057797679509,0
"OTU236",0,0,0,0,0,0,0,0,0,0.484529371218503,0,0,0,0,0,0,0,0,0,0,0,0,0,0,0,0,0,0,0,0,0,0,0,0,0,0,0,0
"OTU2375",0,0,0.000304637070214728,0,0,0,0,0,0,0,0,0,0,0,0,0,0,0,0,0,0,0,0,0,0,0,0,0,0,0,0,0,0,0,0,0,0,0
"OTU238",0,0,0,0,0,0,0,0,0,0,0,0,0,0,0,0,0,0,0,0,0,0,0,0,0,0,0,0,0,0,0,0,0,0,0,0,0.0347072204180317,0
"OTU2382",0,0,0,0,0,0,0,0.000210649343589465,0,0,0,0,0,0,0,0,0,0,0,0,0,0,0,0,0,0,0,0,0,0,0,0,0,0,0,0,0,0
"OTU2388",0,0,0,0,0,0,0,0,0,0,0,0,0,0,0.000240475987309074,0,0,0,0,0,0,0,0,0,0,0,0,0,0,0,0,0,0,0,0,0,0,0
"OTU2393",0,0,0,0,0,0,0,0,0,0,0,0,0,0,0,0,0,0,0,0,0,0,0,0,0,0,0,0,0,0,0.000248361614510728,0,0,0,0,0,0,0
"OTU2401",0,0,0,0,0,0,0,0,0,0,0,0,0,0,0,0,0,0,0,0,0,0,0,0,0,0,0,0,0,0,0,0,0,0,0.000427094900486888,0,0,0
"OTU2407",0,0,0,0,0,0,0,0.000366937566252616,0,0,0,0,0,0,0,0,0,0,0,0,0,0,0,0,0,0,0,0,0,0,0,0,0,0,0,0,0,0
"OTU2415",0,0,0,0,0,0,0,0,0,0,0,0,0,0,0,0,0,0,0,0,0,0,0,0,0,0,0,0,0,0,0,0,0,0,0.000427094900486888,0,0,0
"OTU243",0,0,0,0,0,0,0,0,0,0,0,0,0,0,0,0,0,0,0,0,0,0,0,0,0,0,0,0,0,0,0,0,0,0,0,0,0.365370033906064,0
"OTU2430",0,0,0,0,0,0,0,0,0,0,0,0,0.00100795940356609,0,0,0,0,0,0,0,0,0,0,0,0,0,0,0,0,0,0,0,0,0,0,0,0,0
"OTU244",0,0,0,0,0,0,0,0,0,0,0,0,0,0,0,0,0,0,0,0,0,0,0,0,0,0.104848911945253,0,0,0,0,0,0,0,0,0,0,0,0
"OTU2440",0,0,0,0,0,0,0,0,0,0,0,0,0,0,0,0,0,0,0,0,0.000440113171958504,0,0,0,0,0,0,0,0,0,0,0,0,0,0,0,0,0
"OTU2448",0,0,0,0,0,0,0,0,0,0,0,0,0,0,0.000434408235138972,0,0,0,0,0,0,0,0,0,0,0,0,0,0,0,0,0,0,0,0,0,0,0
"OTU245",0,0,0,0,0,0,0,0,0,0,0,0,0,0,0,0,0,0,0,0,0,0,0,0,0,0,0,0,0,0,0,0,0,0,0,0,0,0.000346546090630054
"OTU2450",0,0,0,0,0,0,0,0,0.000358693141057598,0,0,0,0,0,0,0,0,0,0,0,0,0,0,0,0,0,0,0,0,0,0,0,0,0,0,0,0,0
"OTU2461",0,0,0,0,0,0,0,0,0,0,0,0,0,0,0,0,0,0,0,0,0,0,0,0,0,0,0.000938192983453687,0,0,0,0,0,0,0,0,0,0,0
"OTU2464",0,0,0,0,0,0,0,0,0,0,0,0,0,0,0.000581796743489694,0,0,0,0,0,0,0,0,0,0,0,0.00034116108489225,0,0,0,0,0,0,0,0,0,0,0
"OTU247",0,0,0,0,0,0,0,0,0,0,0,0,0,0,0,0,0,0,0,0,0.80892801005973,0,0,0,0,0,0,0,0,0,0,0,0,0,0,0,0,0
"OTU2475",0,0,0,0,0,0,0,0,0,0,0,0,0,0,0,0,0,0,0,0,0,0,0,0,0,0,0,0,0.000392857844389008,0,0,0,0,0,0,0,0,0
"OTU248",0,0,0,0,0,0,0,0,0,0,0,0,0,0,0,0,0,0,0,0,0,0,0,0,0.000826165135831268,0,0.000710752260192187,0,0,0,0,0,0,0.00157299292153185,0,0,0,0
"OTU2481",0,0,0,0,0,0,0,0,0,0,0,0,0,0,0,0,0.000768519177399843,0,0,0,0,0,0,0,0,0,0,0,0,0,0,0,0,0,0,0,0,0
"OTU2486",0,0,0,0,0,0,0,0,0,0,0,0,0,0,0,0,0,0,0,0,0,0,0,0,0,0,0,0,0,0,0.000280408274447596,0,0,0,0,0,0,0
"OTU2490",0,0,0,0,0,0,0,0,0,0,0,0,0,0,0.000325806176354229,0,0,0,0,0,0,0,0,0,0,0,0,0,0,0,0,0,0,0,0,0,0,0
"OTU2492",0,0,0,0,0,0,0,0,0,0,0,0,0,0,0,0,0,0,0,0,0,0,0,0,0,0.000339619117160105,0,0,0,0,0,0,0,0,0,0,0,0
"OTU2497",0,0,0,0,0,0,0,0,0,0,0,0.00101830689506913,0,0,0,0,0,0,0,0,0,0,0,0,0,0,0,0,0,0,0,0,0,0,0,0,0,0
"OTU25",0,0,0,0,0,0,0,0,0,0,0,0,0,0,0,0,0,0.16538128120049,0.00310397347163045,0,0,0,0,0,0.000534577440831997,0,0,0,0,0,0,0,0,0,0,0,0,0
"OTU2501",0,0,0,0,0,0,0,0,0,0,0,0,0,0,0,0.000296335319877515,0,0,0,0,0,0,0,0,0,0,0,0,0,0,0,0,0,0,0,0,0,0
"OTU2502",0,0,0,0,0,0,0,0,0,0,0,0,0,0,0,0.00074632599080263,0,0,0,0,0,0,0,0,0,0,0,0,0,0,0,0,0,0,0,0,0,0
"OTU2509",0,0,0,0,0,0,0,0,0,0,0,0,0,0,0,0,0,0,0,0,0,0,0,0,0,0.000382071506805118,0,0,0,0,0,0,0,0,0,0,0,0
"OTU251",0.0408387870212055,0,0,0,0,0,0,0,0,0,0,0,0,0,0,0,0,0,0,0,0,0,0,0,0,0.0426476706373802,0,0,0,0,0,0,0,0,0,0,0,0
"OTU2529",0,0,0,0,0,0,0,0,0,0,0,0,0,0,0,0,0,0.00038860490837892,0,0,0,0,0,0,0,0,0,0,0,0,0,0,0,0,0,0,0,0
"OTU253",0,0,0,0,0,0,0,0,0,0,0,0,0,0,0,0,0,0,0,0,0,0,0,0,0,0,0,0,0.000235714706633405,0,0,0,0,0,0,0,0,0
"OTU2549",0,0,0,0,0,0,0,0,0,0,0,0,0,0,0,0,0,0,0,0,0,0,0,0,0.000826165135831268,0,0,0,0,0,0,0,0,0,0,0,0,0
"OTU2553",0,0,0,0,0,0,0,0,0,0,0,0,0,0,0,0,0,0,0,0,0,0,0,0,0,0,0,0,0,0,0,0,0,0,0.000569459867315851,0,0,0
"OTU2573",0,0,0,0,0.000226743526908352,0,0,0,0,0,0,0,0,0,0,0,0,0,0,0,0,0,0,0,0,0,0,0,0,0,0,0,0,0,0,0,0,0
"OTU2578",0,0,0,0,0,0,0,0,0,0,0,0,0,0,0,0,0,0,0,0,0,0,0,0,0,0.000288676249586089,0,0,0,0,0,0,0,0,0,0,0,0
"OTU2588",0,0,0,0,0,0,0,0,0,0,0,0,0,0,0,0.000515842964231229,0,0,0,0,0,0,0,0,0,0,0,0,0,0,0,0,0,0,0,0,0,0
"OTU2598",0,0,0,0,0.000444766148935614,0,0,0,0,0,0,0,0,0,0,0,0,0,0,0,0,0,0,0,0,0,0,0,0,0,0,0,0,0,0,0,0,0
"OTU2604",0,0,0,0,0,0,0,0,0,0,0,0,0,0,0,0,0,0,0,0,0,0,0,0,0,0,0,0,0,0,0.000200291624605425,0,0,0,0,0,0,0
"OTU2606",0,0,0,0,0,0,0,0,0,0,0,0,0,0,0,0,0,0,0,0,0,0,0,0,0,0,0.000909762893046,0,0,0,0,0,0,0,0,0,0,0
"OTU2611",0,0,0,0,0,0,0,0,0,0,0,0,0,0,0,0,0,0,0,0,0,0,0,0,0,0,0.0006823221697845,0,0,0,0,0,0,0,0,0,0,0
"OTU2619",0,0,0,0,0,0,0,0.000224239623821043,0,0,0,0,0,0,0,0,0,0,0,0,0,0,0,0,0,0,0,0,0,0,0,0,0,0,0,0,0,0
"OTU2620",0,0,0,0,0,0,0,0,0,0,0,0,0,0,0,0.000537793728666601,0,0,0,0,0,0,0,0,0,0,0,0,0,0,0,0,0,0,0,0,0,0
"OTU2621",0,0,0,0,0,0,0,0.000550406349378924,0,0,0,0,0,0,0,0,0,0,0,0,0,0,0,0,0,0,0,0,0,0,0,0,0,0,0,0,0,0
"OTU2622",0,0,0,0,0,0,0,0,0,0,0,0,0,0,0,0,0,0,0,0,0,0,0,0,0,0,0,0,0,0,0,0,0,0,0,0,0.000600866965192635,0
"OTU2623",0,0,0,0,0,0,0,0,0,0,0,0,0,0,0,0,0,0,0,0,0,0,0,0,0,0,0,0,0,0,0,0,0,0,0,0,0.00080115595359018,0
"OTU2629",0,0,0,0,0,0,0,0,0,0,0,0,0,0,0,0,0,0,0,0,0,0,0,0,0,0,0,0,0,0,0.000280408274447596,0,0,0,0,0,0,0
"OTU2635",0,0,0,0,0,0,0,0,0,0,0,0,0,0,0.000356835336007013,0,0,0,0,0,0,0,0,0,0,0,0,0,0,0,0,0,0,0,0,0,0,0
"OTU264",0,0,0,0,0,0,0,0,0,0,0,0,0,0,0,0,0,0,0,0,0,0,0,0,0,0,0,0,0,0,0,0,0,0,0,0,0.195596503526517,0
"OTU265",0.000746811312226087,0,0,0.0053743917495824,0,0,0,0,0,0,0,0,0,0,0,0,0,0,0,0,0,0.0018027950773265,0,0,0,0,0,0,0,0,0,0,0,0,0.0100082571680761,0,0,0
"OTU2663",0,0,0,0,0,0,0,0,0,0,0,0,0,0,0,0,0,0,0,0,0,0,0,0,0,0,0,0,0,0,0,0,0,0,0,0,0.000615173321506745,0
"OTU2665",0,0,0,0,0,0,0,0.000210649343589465,0,0,0,0,0,0,0,0,0,0,0,0,0,0,0,0,0,0,0,0,0,0,0,0,0,0,0,0,0,0
"OTU2669",0,0,0,0,0,0,0,0,0,0,0,0,0,0,0,0,0,0,0,0,0,0,0,0,0,0,0,0,0,0,0,0,0,0,0,0,0.00080115595359018,0
"OTU2673",0,0,0,0,0,0,0,0,0,0,0,0,0,0,0,0,0.000626200811214687,0,0,0,0,0,0,0,0,0,0,0,0,0,0,0,0,0,0,0,0,0
"OTU2678",0,0,0,0,0,0,0,0,0,0,0,0,0,0,0,0,0,0,0,0,0,0,0.000775139172715101,0,0,0,0,0,0,0,0,0,0,0,0,0,0,0
"OTU2685",0,0,0,0,0,0,0,0,0,0,0,0,0,0,0,0,0,0,0,0,0,0,0,0,0,0,0.000255870813669187,0,0,0,0,0,0,0,0,0,0,0
"OTU2686",0,0,0,0,0,0,0,0,0,0,0,0,0,0,0.000224961407482682,0,0,0,0,0,0,0,0,0,0,0,0,0,0,0,0,0,0,0,0,0,0,0
"OTU269",0,0,0,0,0.00245057427158642,0,0,0,0,0,0,0,0,0,0,0,0,0,0,0,0,0,0,0,0,0.0716086908532081,0,0,0,0,0,0,0,0,0,0,0,0
"OTU2692",0.00072715838295698,0,0,0,0,0,0,0,0,0,0,0,0,0,0,0,0,0,0,0,0,0,0,0,0,0,0,0,0,0,0,0,0,0,0,0,0,0
"OTU2707",0.000707505453687872,0,0,0,0,0,0,0,0,0,0,0,0,0,0,0,0,0,0,0,0,0,0,0,0,0,0,0,0,0,0,0,0,0,0,0,0,0
"OTU2708",0,0,0,0,0,0,0,0,0,0,0,0,0,0,0,0,0,0,0,0,0,0,0,0,0.000534577440831997,0,0,0,0,0,0,0,0,0,0,0,0,0
"OTU2709",0,0,0,0,0,0,0,0,0,0,0,0,0,0,0,0,0,0,0,0,0,0,0,0,0.000534577440831997,0,0,0,0,0,0,0,0,0,0,0,0,0
"OTU2722",0,0,0,0,0,0,0,0,0,0,0,0,0,0,0,0,0,0,0,0,0,0,0,0,0,0,0,0,0,0,0,0,0,0,0,0,0.000314739838910428,0
"OTU273",0,0,0,0,0,0,0,0,0,0,0,0,0.402523374230996,0,0,0,0,0,0,0,0,0,0,0,0,0,0,0,0,0,0,0,0,0,0,0,0,0
"OTU2738",0,0,0,0,0,0,0,0,0,0,0,0,0,0,0,0,0,0,0,0,0,0,0,0,0,0,0,0,0.000432143628827909,0,0,0,0,0,0,0,0,0
"OTU274",0,0,0,0,0,0,0,0,0,0,0,0,0,0,0,0,0,0,0,0,0,0,0,0,0,0,0,0,0,0,0,0,0,0.256498679089277,0,0,0,0
"OTU2756",0.000412711514651259,0,0,0,0,0,0,0,0,0,0,0,0,0,0,0,0,0,0,0,0,0,0,0,0,0,0,0,0,0,0,0,0,0,0,0,0,0
"OTU2762",0,0,0,0,0,0,0,0,0,0,0,0,0.0007299016370651,0,0,0,0,0,0,0,0,0,0,0,0,0,0,0,0,0,0,0,0,0,0,0,0,0
"OTU2763",0,0,0,0,0,0,0,0,0,0,0,0,0,0,0,0,0,0,0,0,0,0,0,0,0,0,0,0,0,0,0,0,0,0,0.000298966430340822,0,0,0
"OTU2764",0,0,0,0,0,0,0,0,0,0,0,0,0,0,0,0,0,0,0,0,0,0,0,0,0,0,0,0,0,0,0,0,0,0.000645330429346401,0,0,0,0
"OTU2767",0,0,0,0,0,0,0,0,0,0,0,0,0,0,0,0,0,0,0,0,0,0,0,0,0,0,0,0,0,0,0,0,0.000758037225042301,0,0,0,0,0
"OTU2775",0,0,0,0,0,0,0,0,0,0,0,0,0,0,0,0,0.000298868568988828,0,0,0,0,0,0,0,0,0,0,0,0,0,0,0,0,0,0,0,0,0
"OTU2776",0,0,0,0,0,0,0,0,0,0,0,0,0,0,0,0,0,0,0,0,0,0,0,0,0,0.0003226381613021,0,0,0,0,0,0,0,0,0,0,0,0
"OTU28",0,0,0,0,0,0,0,0,0,0,0,0,0,0,0,0,0,0,0,0,0,0,0,0,0,0,0,0,0,0,0,0.00773768519506729,0,0,0,0,0,0
"OTU280",0,0,0,0,0,0,0,0,0,0,0,0,0,0,0,0,0,0,0,0,0,0,0,0,0,0,0,0,0,0,0.104568251374001,0,0,0,0,0,0,0
"OTU2801",0,0,0,0,0,0,0,0,0,0,0,0,0,0,0,0,0,0,0,0,0,0,0,0,0,0,0,0,0,0,0,0,0.00027072758037225,0,0,0,0,0
"OTU2805",0,0,0,0,0,0,0,0,0,0,0,0,0,0,0,0,0,0,0,0,0,0,0,0,0.000388783593332361,0,0,0,0,0,0,0,0,0,0,0,0,0
"OTU2807",0,0,0,0,0,0,0,0,0,0,0,0,0,0,0,0,0,0,0,0,0,0,0,0,0.000485979491665452,0,0,0,0,0,0,0,0,0,0,0,0,0
"OTU281",0,0,0,0,0,0,0,0,0,0,0,0,0,0,0,0,0,0,0,0,0,0,0,0,0,0,0,0,0,0,0.0150378951753753,0,0,0,0,0,0,0
"OTU283",0,0,0,0,0,0,0,0,0,0,0,0,0,0,0,0.00237068255902012,0,0,0,0,0,0,0,0,0,0,0,0,0,0,0,0,0,0,0,0,0,0
"OTU284",0,0,0,0,0,0,0,0,0,0,0,0.00307754972732004,0,0,0.000884331050104336,0,0,0,0,0,0,0.00454423552549242,0,0,0,0,0,0,0,0,0,0,0,0,0,0,0,0
"OTU2843",0,0,0,0,0,0,0,0,0,0,0,0,0,0,0,0,0,0,0,0,0,0,0.00075165010687525,0,0,0,0,0,0,0,0,0,0,0,0,0,0,0
"OTU2845",0,0,0,0,0.000252906241551623,0,0,0,0,0,0,0,0,0,0,0,0,0,0,0,0,0,0,0,0,0,0,0,0,0,0,0,0,0,0,0,0,0
"OTU285",0,0,0,0,0,0,0,0,0,0,0.00111156113586247,0,0,0,0,0,0,0,0,0,0,0,0,0,0,0,0,0,0,0,0,0,0,0,0,0,0,0
"OTU2857",0,0,0,0,0,0,0,0,0,0,0,0,0,0,0,0,0,0,0,0,0,0,0,0,0,0.000246223859941076,0,0,0,0,0,0,0,0,0,0,0,0
"OTU2864",0,0,0,0,0,0,0,0,0,0,0,0,0,0,0,0,0,0,0,0,0,0,0,0,0,0,0,0,0,0,0.00021631495457386,0,0,0,0,0,0,0
"OTU287",0,0,0,0,0,0,0,0.13763556304531,0,0,0,0,0,0,0,0,0,0,0,0,0,0,0,0,0,0,0,0,0,0,0,0,0,0,0,0,0,0
"OTU2884",0,0,0,0,0,0,0,0,0,0,0,0,0,0,0,0,0,0,0,0,0,0,0,0,0,0,0,0,0,0,0,0,0,0.000383164942424426,0,0,0,0
"OTU2887",0,0,0,0,0,0,0,0,0,0,0,0,0,0,0,0,0,0,0,0,0,0,0,0,0,0,0,0.000485517911059188,0,0,0,0,0,0,0,0,0,0
"OTU2923",0,0,0,0,0,0,0,0,0,0,0,0,0,0,0,0,0,0,0,0,0,0,0,0,0,0.000280185771657087,0,0,0,0,0,0,0,0,0,0,0,0
"OTU293",0,0,0,0,0,0,0,0,0,0,0,0,0,0,0,0,0,0,0,0,0,0,0,0,0,0.00185941466645157,0,0,0,0,0,0,0,0,0,0,0,0
"OTU2933",0,0,0,0,0,0,0,0,0,0,0,0,0,0,0,0,0,0,0,0,0,0,0,0,0,0,0,0,0,0,0,0,0.000243654822335025,0,0,0,0,0
"OTU294",0,0,0,0,0,0,0,0,0,0,0,0,0,0,0,0,0,0,0,0,0,0,0,0,0,0,0,0,0,0,0.0973897995481421,0,0,0,0,0,0,0
"OTU2943",0,0,0,0,0,0,0,0,0,0,0,0,0,0,0,0,0,0,0,0,0,0,0,0,0,0,0,0,0,0,0,0,0,0.000362998366507351,0,0,0,0
"OTU2947",0,0,0,0,0,0,0,0,0,0,0,0,0,0,0,0,0,0,0,0,0,0,0,0,0,0,0,0,0,0,0,0,0,0,0.000256256940292133,0,0,0
"OTU2954",0,0,0,0,0,0,0,0,0,0,0,0,0,0,0,0,0,0,0,0,0,0,0.000422803185117328,0,0,0,0,0,0,0,0,0,0,0,0,0,0,0
"OTU2958",0,0,0,0,0,0,0,0,0,0,0,0,0,0,0,0.000197556879918343,0,0,0,0,0,0,0,0,0,0,0,0,0,0,0,0,0,0,0,0,0,0
"OTU2979",0,0,0,0,0,0,0,0,0,0,0,0.000588355094928832,0,0,0,0,0,0,0,0,0,0,0,0,0,0,0,0,0,0,0,0,0,0,0,0,0,0
"OTU299",0,0,0,0,0,0,0,0,0,0,0,0,0,0,0,0,0,0,0,0,0,0,0,0,0,0,0,0,0,0,0.0391930651027897,0,0,0,0,0,0,0
"OTU2996",0.000334099797574829,0,0,0,0,0,0,0,0,0,0,0,0,0,0,0,0,0,0,0,0,0,0,0,0,0,0,0,0,0,0,0,0,0,0,0,0,0
"OTU2997",0,0,0,0,0,0,0,0,0,0,0,0,0,0,0,0,0,0,0,0,0,0,0,0,0,0,0,0,0,0,0,0,0.000230118443316413,0,0,0,0,0
"OTU3",0,0,0,0.000290507662139589,0,0,0,0,0.0014286930194667,0.476143065022593,0.832707798928941,0,0,0,0.0331468997990862,0,0,0.00019430245418946,0,0,0,0,0,0,0.760703698303932,0,0,0,0.000255357598852855,0,0,0,0.000934010152284264,0,0,0,0,0
"OTU30",0,0,0,0,0,0,0,0,0,0,0,0,0,0,0,0,0.828022486301857,0,0,0,0,0,0,0,0,0,0,0,0.000255357598852855,0,0,0,0.00441285956006768,0,0,0,0,0
"OTU300",0,0,0,0,0,0,0,0,0,0,0,0,0,0,0,0,0,0,0.191925813106094,0,0,0,0,0,0,0,0,0,0,0,0,0,0,0,0,0,0,0
"OTU3006",0,0,0,0,0,0,0,0,0,0,0,0,0,0,0,0,0,0,0,0,0,0,0,0,0,0,0,0,0,0,0,0,0,0.000342831790590276,0,0,0,0
"OTU3013",0,0,0,0,0,0,0,0,0,0,0,0,0,0,0,0,0,0,0.000559100811660144,0,0,0,0,0,0,0,0,0,0,0,0,0,0,0,0,0,0,0
"OTU3029",0,0,0,0,0,0,0,0,0,0,0,0,0,0,0,0,0,0,0,0,0,0,0,0,0,0,0,0,0,0,0,0,0,0,0,0,0.000329046195224538,0
"OTU3031",0,0,0,0,0,0,0,0,0,0,0,0,0,0,0,0,0,0,0,0,0,0,0,0,0,0,0,0,0,0,0,0,0,0,0,0,0.000300433482596318,0
"OTU3040",0,0,0,0,0,0,0,0,0,0,0,0,0,0,0,0,0,0,0,0,0,0,0,0,0,0,0,0,0,0,0.000280408274447596,0,0,0,0,0,0,0
"OTU3053",0,0,0,0,0,0,0,0,0,0,0,0.000610984137041479,0,0,0,0,0,0,0,0,0,0,0,0,0,0,0,0,0,0,0,0,0,0,0,0,0,0
"OTU3054",0,0,0,0,0,0,0,0,0,0,0,0.000384693715915005,0,0,0,0,0,0,0,0,0,0,0,0,0,0,0,0,0,0,0,0,0,0,0,0,0,0
"OTU3064",0,0,0,0,0.000401161624530161,0,0,0,0,0,0,0,0,0,0,0,0,0,0,0,0,0,0,0,0,0,0,0,0,0,0,0,0,0,0,0,0,0
"OTU3079",0,0,0,0,0,0,0,0,0,0,0,0,0,0,0,0,0,0,0,0,0,0,0,0,0,0,0,0,0.00098214461097252,0,0,0,0,0,0,0,0,0
"OTU3085",0.000314446868305721,0,0,0,0,0,0,0,0,0,0,0,0,0,0,0,0,0,0,0,0,0,0,0,0,0,0,0,0,0,0,0,0,0,0,0,0,0
"OTU312",0,0,0,0,0,0,0,0,0,0,0,0,0,0,0,0,0,0.00409529788060862,0,0,0,0,0,0,0,0,0,0,0,0,0,0,0,0,0,0,0,0
"OTU314",0,0,0,0,0.00690695666582365,0,0,0,0,0,0,0,0,0,0,0,0,0,0,0,0,0,0,0,0,0,0,0,0,0,0,0,0,0,0,0,0,0
"OTU3143",0,0,0,0,0,0,0,0,0,0,0,0,0,0,0,0,0,0,0,0,0,0,0,0,0,0,0,0,0,0,0.000248361614510728,0,0,0,0,0,0,0
"OTU316",0,0,0,0,0,0,0,0,0,0,0,0,0,0,0,0,0,0,0,0,0,0,0,0,0,0,0,0,0,0,0.0441362623980516,0,0,0,0,0,0,0
"OTU3175",0,0,0,0,0,0,0,0,0,0,0,0.000633613179154126,0,0,0,0,0,0,0,0,0,0,0,0,0,0,0,0,0,0,0,0,0,0,0,0,0,0
"OTU318",0,0,0,0,0,0,0,0.0667146856568182,0,0,0,0,0,0,0,0,0,0,0,0,0,0,0,0,0,0,0,0,0,0,0,0,0,0,0,0,0,0
"OTU3180",0,0,0,0,0,0,0,0,0,0,0,0,0,0,0,0,0,0,0,0,0,0,0,0,0,0,0,0,0,0,0,0,0,0,0.000213547450243444,0,0,0
"OTU3189",0,0,0,0,0,0,0,0,0,0,0,0,0,0,0,0,0,0,0,0,0,0,0,0,0,0,0,0,0.000196428922194504,0,0,0,0,0,0,0,0,0
"OTU319",0.00190633413910343,0,0,0,0,0,0,0,0,0,0,0,0,0,0,0,0,0,0,0,0,0,0,0,0,0,0,0,0,0,0,0,0,0,0,0,0,0
"OTU3209",0,0,0,0,0,0,0,0,0,0,0,0,0,0,0,0,0,0,0,0,0,0,0,0,0,0,0,0,0,0,0,0,0,0.000302498638756126,0,0,0,0
"OTU321",0,0,0,0,0.0111453164380336,0,0,0,0,0,0,0,0,0,0,0,0,0,0,0,0,0,0,0,0,0,0,0,0,0,0,0,0,0,0,0,0,0
"OTU3210",0,0,0,0,0,0,0,0,0,0,0,0,0,0,0,0,0,0,0,0,0,0,0,0,0,0,0,0,0,0,0,0,0,0.000302498638756126,0,0,0,0
"OTU3222",0,0.0005011634150707,0,0,0,0,0,0,0,0,0,0,0,0,0,0,0,0,0,0,0,0,0,0,0,0,0,0,0,0,0,0,0,0,0,0,0,0
"OTU323",0,0,0,0,0,0,0,0,0,0,0.0733045317492462,0,0,0,0,0,0,0,0,0,0,0,0,0,0,0,0,0,0,0,0,0,0,0,0,0,0,0
"OTU3233",0.000432364443920366,0,0,0,0,0,0,0,0,0,0,0,0,0,0,0,0,0,0,0,0,0,0,0,0,0,0,0,0,0,0,0,0,0,0,0,0,0
"OTU3239",0,0,0,0,0,0,0,0,0,0,0,0,0,0,0,0,0,0,0,0,0,0,0,0,0,0,0,0,0.000294643383291756,0,0,0,0,0,0,0,0,0
"OTU3260",0,0,0,0,0,0,0,0,0,0,0,0.000316806589577063,0,0,0,0,0,0,0,0,0,0,0,0,0,0,0,0,0,0,0,0,0,0,0,0,0,0
"OTU327",0,0,0,0,0,0,0,0,0,0,0,0,0,0,0,0,0,0,0,0,0,0,0,0,0,0,0,0,0,0,0,0,0.0794585448392555,0,0,0,0,0
"OTU3282",0,0,0,0,0,0,0,0,0,0,0,0,0,0,0,0,0,0,0,0,0,0,0,0,0,0,0,0,0,0,0,0,0,0.000282332062839051,0,0,0,0
"OTU3283",0,0,0,0,0,0,0,0,0,0,0,0,0,0,0,0,0,0,0,0,0,0,0,0,0,0,0,0,0.000275000491072306,0,0,0,0,0,0,0,0,0
"OTU3284",0,0,0,0,0,0,0,0,0,0,0,0,0,0,0,0,0,0,0,0,0,0,0,0,0,0,0,0,0.000275000491072306,0,0,0,0,0,0,0,0,0
"OTU329",0,0,0,0,0,0,0,0,0,0,0,0,0,0,0,0,0,0,0,0,0,0,0,0,0,0,0,0,0,0,0,0,0,0,0,0,0.0783988326013248,0
"OTU3295",0,0,0,0,0,0,0,0.000237829904052622,0,0,0,0,0,0,0,0,0,0,0,0,0,0,0,0,0,0,0,0,0,0,0,0,0,0,0,0,0,0
"OTU33",0,0.0105423304098801,0,0,0,0,0,0,0,0,0,0,0,0,0,0,0,0,0,0,0,0,0,0,0,0,0,0.0138372604651868,0,0,0,0,0,0,0,0,0,0
"OTU3303",0,0,0,0,0,0,0,0,0,0,0,0,0,0,0,0,0,0,0,0,0,0,0,0,0,0,0,0,0,0,0,0,0,0,0,0,0.000529335183622083,0
"OTU3306",0,0,0,0,0,0,0,0,0,0,0,0,0,0,0,0,0,0,0,0,0,0,0,0,0,0,0,0,0,0,0,0,0,0,0,0,0.000200288988397545,0
"OTU335",0,0,0,0,0,0,0,0.0779266668478704,0,0,0,0,0,0,0,0,0,0,0,0,0,0,0,0,0,0,0,0,0,0,0,0,0,0,0,0,0,0
"OTU3354",0,0,0,0,0,0,0,0,0,0,0,0,0,0,0,0,0,0,0,0,0,0,0,0,0,0,0,0.00037931086801499,0,0,0,0,0,0,0,0,0,0
"OTU3368",0,0,0,0,0,0,0,0,0,0,0,0,0,0,0,0,0,0,0,0,0,0,0,0,0,0,0.000369591175299937,0,0,0,0,0,0,0,0,0,0,0
"OTU3376",0,0,0,0,0,0,0,0,0,0,0,0,0,0,0,0,0,0,0,0,0,0,0,0,0,0,0.000369591175299937,0,0,0,0,0,0,0,0,0,0,0
"OTU3377",0,0,0,0,0,0,0,0,0,0,0,0,0,0,0,0,0,0,0,0,0,0,0,0,0,0,0.000369591175299937,0,0,0,0,0,0,0,0,0,0,0
"OTU3396",0,0,0,0,0,0,0,0,0,0,0,0.000294177547464416,0,0,0,0,0,0,0,0,0,0,0,0,0,0,0,0,0,0,0,0,0,0,0,0,0,0
"OTU34",0,0,0,0,0,0,0,0,0,0,0,0,0,0,0,0,0,0.790885720264251,0,0,0,0,0,0,0,0,0,0,0,0,0,0,0,0,0,0,0,0
"OTU340",0,0,0,0,0,0,0,0,0,0,0,0,0,0,0,0,0,0,0,0,0,0,0,0,0,0,0,0,0,0,0,0.0142625670680237,0,0,0,0,0,0
"OTU3400",0,0,0,0,0,0,0,0,0,0,0,0,0,0,0,0,0,0,0,0,0,0,0,0,0,0,0,0,0,0,0,0,0,0.000262165486921976,0,0,0,0
"OTU341",0,0,0,0,0,0,0,0,0,0,0,0,0,0,0,0.000779252137455687,0,0,0,0,0,0,0,0,0,0,0,0,0,0,0,0,0,0,0,0,0,0
"OTU343",0,0,0,0,0,0,0,0,0,0,0,0,0,0,0,0,0,0,0,0,0,0,0,0,0,0,0.00173423551486894,0,0,0,0,0,0,0,0.00451296944847812,0,0,0
"OTU3437",0,0.000232683014139968,0,0,0,0,0,0,0,0,0,0,0,0,0,0,0,0,0,0,0,0,0,0,0,0,0,0,0,0,0,0,0,0,0,0,0,0
"OTU3477",0,0,0,0,0,0,0,0,0,0,0,0.000271548505351768,0,0,0,0,0,0,0,0,0,0,0,0,0,0,0,0,0,0,0,0,0,0,0,0,0,0
"OTU3488",0,0,0,0,0,0,0,0,0,0,0,0,0,0,0,0,0,0,0,0,0,0,0,0,0,0,0,0,0,0,0,0,0,0.0002419989110049,0,0,0,0
"OTU349",0,0,0,0,0,0,0,0,0,0,0,0,0,0,0,0,0,0,0,0,0,0,0,0,0,0,0,0,0,0,0,0.0145924495716379,0,0,0,0,0,0
"OTU350",0,0,0,0,0,0,0,0.0530836345845451,0,0,0,0,0,0,0,0,0,0,0,0,0,0,0,0,0,0,0,0,0,0,0,0,0,0,0,0,0,0
"OTU3525",0,0,0,0,0,0,0,0.000217444483705254,0,0,0,0,0,0,0,0,0,0,0,0,0,0,0,0,0,0,0,0,0,0,0,0,0,0,0,0,0,0
"OTU353",0,0,0,0,0,0,0,0,0,0,0,0,0,0,0,0,0,0,0,0,0,0,0,0,0,0,0,0.000333793563853192,0,0,0,0,0,0,0,0,0,0
"OTU356",0,0,0,0,0,0,0,0,0,0,0,0,0,0,0,0,0,0,0,0,0.000251493241119145,0,0,0,0,0,0,0,0,0,0,0,0,0,0,0,0,0
"OTU359",0,0,0,0,0,0,0,0.0285803593270093,0,0,0,0,0,0,0,0.00218410106131946,0,0,0,0,0,0,0,0,0,0,0,0,0,0,0,0,0,0,0,0,0,0
"OTU36",0,0,0.00782999604795152,0,0,0,0,0,0,0,0,0,0,0,0,0,0,0,0,0,0,0,0,0,0,0,0,0,0,0,0,0,0,0,0.0015375416417528,0,0,0
"OTU3609",0.000216182221960183,0,0,0,0,0,0,0,0,0,0,0,0,0,0,0,0,0,0,0,0,0,0,0,0,0,0,0,0,0,0,0,0,0,0,0,0,0
"OTU361",0,0,0,0,0.018697620065058,0,0,0,0,0,0,0,0,0,0,0,0,0,0,0,0,0,0,0,0,0,0,0,0,0,0,0,0,0,0,0,0,0
"OTU3614",0.000373405656113044,0,0,0,0,0,0,0,0,0,0,0,0,0,0,0,0,0,0,0,0,0,0,0,0,0,0,0,0,0,0,0,0,0,0,0,0,0
"OTU3615",0.000216182221960183,0,0,0,0,0,0,0,0,0,0,0,0,0,0,0,0,0,0,0,0,0,0,0,0,0,0,0,0,0,0,0,0,0,0,0,0,0
"OTU3629",0.000353752726843936,0,0,0,0,0,0,0,0,0,0,0,0,0,0,0,0,0,0,0,0,0,0,0,0,0,0,0,0,0,0,0,0,0,0,0,0,0
"OTU365",0,0,0,0,0.00260755055944605,0,0,0,0,0,0,0,0,0,0,0,0,0,0,0,0,0,0,0,0,0,0,0,0,0,0,0,0,0,0,0,0,0
"OTU3652",0.000216182221960183,0,0,0,0,0,0,0,0,0,0,0,0,0,0,0,0,0,0,0,0,0,0,0,0,0,0,0,0,0,0,0,0,0,0,0,0,0
"OTU3664",0,0,0,0,0,0,0,0,0,0,0,0,0,0,0,0,0,0,0,0,0,0,0,0,0,0,0,0,0,0,0,0,0,0,0,0,0.0004148843331092,0
"OTU37",0,0.000590656882047611,0,0,0,0,0,0,0,0,0,0,0,0,0,0,0,0,0,0,0,0,0,0,0,0,0,0,0,0,0,0,0,0,0,0,0,0
"OTU371",0,0,0,0,0,0,0,0,0,0,0,0,0,0,0,0,0,0,0,0,0,0,0,0,0,0,0,0,0,0,0,0,0,0,0,0,0.0814746992088585,0
"OTU3738",0,0,0,0,0,0,0,0,0,0,0,0,0,0,0,0,0,0,0,0,0,0,0,0,0,0,0.000483311536930687,0,0,0,0,0,0,0,0,0,0,0
"OTU375",0,0,0,0,0,0,0,0,0,0,0,0,0,0,0,0,0,0,0,0,0,0,0,0,0,0,0,0,0,0,0.028353282379144,0,0,0,0,0,0,0
"OTU3755",0,0,0,0,0,0,0,0,0,0,0,0,0,0,0,0,0,0,0,0,0,0,0,0,0.000242989745832726,0,0,0,0,0,0,0,0,0,0,0,0,0
"OTU3764",0.000196529292691076,0,0,0,0,0,0,0,0,0,0,0,0,0,0,0,0,0,0,0,0,0,0,0,0,0,0,0,0,0,0,0,0,0,0,0,0,0
"OTU3782",0,0,0,0,0,0,0,0,0,0,0,0,0,0,0,0,0,0,0,0,0,0,0,0,0.000242989745832726,0,0,0,0,0,0,0,0,0,0,0,0,0
"OTU38",0,0,0,0.0377659960781466,0,0,0,0,0,0,0,0,0,0,0.000240475987309074,0,0,0,0,0,0,0,0,0,0.00335325849249162,0,0,0,0,0,0,0,0,0.0667715328614355,0,0,0,0
"OTU380",0,0.087166636835511,0,0,0,0,0,0,0,0,0,0,0,0,0,0,0,0,0,0,0,0,0,0,0,0,0,0,0,0,0,0,0,0,0,0,0,0
"OTU3829",0,0,0,0,0,0,0,0,0,0,0,0,0,0,0,0,0,0,0,0,0,0,0,0,0,0,0.000284300904076875,0,0,0,0,0,0,0,0,0,0,0
"OTU3863",0,0,0,0,0,0,0,0,0,0,0,0.000203661379013826,0,0,0,0,0,0,0,0,0,0,0,0,0,0,0,0,0,0,0,0,0,0,0,0,0,0
"OTU387",0,0,0,0,0,0,0,0,0,0,0,0,0,0,0,0,0,0,0,0,0,0,0,0,0,0,0,0,0,0,0,0.00955203896494513,0,0,0,0,0,0
"OTU3876",0.000275141009767506,0,0,0,0,0,0,0,0,0,0,0,0,0,0,0,0,0,0,0,0,0,0,0,0,0,0,0,0,0,0,0,0,0,0,0,0,0
"OTU391",0,0,0,0,0.0370027994104668,0,0,0,0,0,0,0,0,0,0,0,0,0,0,0,0,0,0,0,0,0,0,0,0,0,0,0,0,0,0,0,0,0
"OTU394",0,0,0,0,0,0,0,0,0,0,0.0332433283830611,0,0,0,0,0,0,0,0,0,0,0,0,0,0,0,0,0,0,0,0,0,0,0,0,0,0,0
"OTU398",0,0,0,0,0,0,0,0,0,0,0,0,0,0,0,0,0,0,0,0,0,0,0,0,0,0,0,0,0,0,0,0,0,0,0,0,0.000743930528333739,0
"OTU40",0,0,0,0,0,0,0,0,0,0,0,0,0,0,0,0,0,0,0,0,0,0,0,0,0,0,0,0,0,0,0,0.592551447116924,0,0,0,0,0,0
"OTU401",0,0,0,0,0,0,0,0,0,0,0,0,0,0,0,0,0,0,0,0,0,0,0,0,0,0,0,0,0,0,0,0,0.0493401015228426,0,0,0,0,0
"OTU4036",0,0,0,0,0,0,0,0,0,0,0,0,0,0,0,0,0,0,0,0,0,0,0,0,0,0,0.000369591175299937,0,0,0,0,0,0,0,0,0,0,0
"OTU405",0,0,0,0,0,0,0,0,0,0,0,0,0,0,0,0,0,0,0,0,0,0,0,0.00197692602755894,0,0,0,0,0,0,0,0,0,0,0,0,0,0
"OTU41",0,0,0,0,0,0,0,0,0,0,0,0,0,0,0,0,0,0,0,0,0,0,0,0,0,0.000832066837042257,0,0,0,0,0,0,0,0,0,0,0,0
"OTU411",0,0,0,0,0,0,0,0,0,0,0,0,0,0,0,0,0,0,0,0,0,0,0,0,0,0,0,0,0,0,0,0,0.0570287648054146,0,0,0,0,0
"OTU417",0,0,0,0,0,0,0,0.115034927020195,0,0,0,0,0,0,0,0.0118863389417536,0,0,0,0,0,0,0,0,0,0,0,0,0,0,0,0,0,0,0,0,0,0
"OTU418",0,0,0,0,0,0,0,0.0298782310891251,0,0,0,0,0,0,0,0,0,0,0,0,0,0,0,0,0,0,0,0,0,0,0,0,0,0,0,0,0,0
"OTU422",0,0,0,0,0,0,0,0,0,0,0,0,0,0,0,0,0,0,0,0,0,0,0,0,0,0,0,0,0,0,0,0,0,0,0,0,0.0545358302693887,0
"OTU4246",0,0,0,0,0,0,0,0,0,0,0,0,0,0,0,0,0,0,0,0,0,0,0,0,0,0,0.000199010632853812,0,0,0,0,0,0,0,0,0,0,0
"OTU427",0,0,0,0,0.00444766148935614,0,0,0,0,0,0,0,0,0,0,0,0,0,0,0,0,0,0,0,0,0,0,0,0,0,0,0,0,0,0,0,0,0
"OTU43",0,0,0,0.0242210763308882,0,0,0,0,0,0,0,0,0,0,0.000527495714097323,0,0,0,0,0,0,0,0,0,0.13053409146134,0,0,0,0,0,0,0,0.0174483925549915,0,0,0,0,0
"OTU433",0,0,0,0,0,0,0,0,0,0,0,0,0,0,0,0,0,0,0,0,0,0,0,0,0,0,0,0,0,0,0.0205098623595956,0,0,0,0,0,0,0
"OTU438",0,0,0,0,0,0,0,0,0,0,0,0,0,0,0,0,0,0,0.0589176579459793,0,0,0,0,0,0,0,0,0,0,0,0,0,0,0,0,0,0,0
"OTU444",0,0,0,0,0,0,0,0,0,0,0,0,0,0,0,0,0,0,0,0,0,0,0,0,0,0,0,0,0,0,0.00929353138169174,0,0,0,0,0,0,0
"OTU449",0,0,0,0,0,0,0,0,0,0,0,0,0,0,0,0,0,0,0,0,0,0,0,0,0,0,0,0,0,0,0.00237946450031246,0,0,0,0,0,0,0
"OTU450",0,0,0,0,0,0,0,0,0,0,0,0,0,0,0.025932620179814,0,0,0,0,0,0,0,0,0,0,0,0,0,0,0,0,0,0,0,0,0,0,0
"OTU458",0,0,0,0,0,0,0,0,0,0,0,0,0,0,0,0,0,0.00455863450213733,0,0,0,0,0,0,0,0,0,0,0,0,0,0,0,0,0,0,0,0
"OTU46",0.346756284024134,0,0,0,0,0,0,0,0,0,0,0,0,0,0,0,0,0,0,0,0,0,0,0,0,0,0,0,0,0,0,0,0,0.00280315405247343,0.00485464536886763,0,0,0
"OTU463",0,0,0,0,0,0,0,0,0,0,0,0,0,0,0,0.0134667939811004,0,0,0,0,0,0,0,0,0,0,0,0,0,0,0,0,0,0,0,0,0,0
"OTU464",0,0,0,0,0.0228226080738137,0,0,0,0,0,0,0,0,0,0,0,0,0,0,0,0,0,0,0,0,0,0,0,0,0,0,0,0,0,0,0,0,0
"OTU467",0,0,0,0,0,0,0,0,0,0,0,0,0,0,0.00204016724717053,0,0,0,0,0,0,0,0,0,0,0,0,0,0,0,0,0,0,0,0,0,0,0
"OTU468",0.000196529292691076,0,0,0,0,0,0,0,0,0,0,0,0,0,0,0,0,0,0,0,0,0,0,0,0,0,0,0,0,0,0,0,0,0,0,0,0,0
"OTU478",0,0,0,0,0,0,0,0.000366937566252616,0,0,0,0,0,0,0,0.00196459341696575,0,0,0,0,0,0,0,0,0,0,0,0,0,0,0,0,0,0,0,0,0,0
"OTU479",0,0,0,0,0,0,0,0,0,0,0,0,0,0,0,0,0,0,0.000250631398330409,0,0,0,0,0,0,0,0,0,0,0,0,0,0,0,0,0,0,0
"OTU483",0,0,0,0,0,0,0,0,0,0,0,0,0,0,0,0,0,0,0,0,0,0,0,0,0,0,0,0,0,0,0,0,0,0,0,0,0.0376686361750526,0
"OTU486",0,0,0,0,0,0,0,0,0,0,0,0,0,0,0,0,0,0,0,0,0,0,0,0,0,0,0,0,0,0,0,0,0,0,0,0,0.0180403153120932,0
"OTU49",0,0,0,0,0,0,0,0,0.0196065318628941,0,0,0.00357538865379828,0,0,0,0,0,0,0,0,0,0,0,0,0,0,0,0,0,0,0,0,0,0,0,0,0,0
"OTU492",0,0,0,0,0,0,0,0,0,0,0,0,0,0,0,0,0,0,0,0,0,0,0,0,0,0,0.0110877352589981,0,0,0,0,0,0,0,0,0,0,0
"OTU495",0,0,0,0,0,0,0,0,0,0,0,0,0,0,0.0193466810435106,0,0,0,0,0,0,0,0,0,0,0,0.00969466082902144,0,0,0,0,0,0,0,0,0,0,0
"OTU5",0,0,0,0,0,0,0,0,0,0,0,0,0,0,0,0,0,0,0,0,0,0,0,0,0,0,0,0,0,0,0,0.000402650702940806,0,0,0.00441331397169784,0,0,0
"OTU50",0,0,0,0,0,0,0,0,0,0,0.000549030196660816,0,0,0,0,0,0.00266135344766242,0,0,0,0,0,0,0,0,0,0,0,0,0,0,0,0,0,0,0,0,0
"OTU503",0,0,0,0,0,0,0,0,0,0,0,0,0,0,0,0,0,0,0,0,0,0,0,0,0.000680371288331632,0,0,0.00037931086801499,0,0,0,0,0,0,0,0,0,0
"OTU506",0,0,0,0,0,0,0,0,0,0,0,0,0,0,0,0,0,0,0,0,0,0,0,0,0,0,0,0,0,0,0,0,0,0,0,0,0.00281835219387974,0
"OTU508",0,0,0,0,0,0,0,0,0,0,0,0.0550790885021837,0,0,0,0,0,0,0,0,0,0,0,0,0,0,0,0,0,0,0,0,0,0,0,0,0,0
"OTU51",0,0,0,0,0,0,0,0,0,0,0,0,0,0,0,0,0,0,0,0,0,0,0,0.96344162166947,0,0,0,0,0,0,0,0,0,0,0,0,0,0
"OTU510",0,0,0,0,0,0,0,0,0,0,0,0,0,0,0,0,0,0,0,0,0,0.016210256563068,0,0,0,0,0,0,0,0,0,0,0,0,0,0,0,0
"OTU511",0.000216182221960183,0,0,0,0,0,0,0,0,0,0,0,0,0,0.0199129632071739,0,0,0,0,0,0,0,0,0,0,0,0,0,0,0,0,0,0,0,0,0,0,0
"OTU515",0,0,0,0,0,0,0,0,0,0,0,0,0,0,0,0,0,0,0,0,0,0,0,0,0,0,0,0,0,0,0.00859651652806486,0,0,0,0,0,0,0
"OTU517",0,0,0,0,0,0,0,0.0250808621673779,0,0,0,0,0,0,0,0,0,0,0,0,0,0,0,0,0,0,0,0,0,0,0,0,0,0,0,0,0,0
"OTU519",0,0,0,0,0,0,0,0,0,0,0,0,0,0,0,0,0,0,0,0,0.177239861678717,0,0,0,0,0,0,0,0,0,0,0,0,0,0,0,0,0
"OTU522",0,0,0,0,0.0187237827797012,0,0,0,0,0,0,0,0,0,0,0,0,0,0,0,0,0,0,0,0,0,0,0,0,0,0,0,0,0,0,0,0,0
"OTU529",0,0,0,0,0,0,0,0,0,0,0.0100130507177895,0,0,0,0,0,0,0,0,0,0,0,0,0,0,0,0,0,0,0,0,0,0,0,0.000484040887218473,0,0,0
"OTU532",0,0,0,0,0.00094185772715777,0,0,0,0,0,0,0,0,0,0,0,0,0,0,0,0,0,0,0,0,0,0,0,0,0,0,0,0,0,0,0,0,0
"OTU536",0,0,0,0,0,0,0,0,0,0,0,0,0,0,0,0,0,0,0,0,0,0,0,0,0,0.0202752612944583,0,0,0,0,0,0,0,0,0,0,0,0
"OTU539",0,0,0,0,0,0,0,0,0,0,0,0,0,0,0,0,0,0,0,0,0,0,0,0,0,0,0,0,0,0,0,0,0,0.00385181600016133,0,0,0,0
"OTU540",0,0,0,0,0,0,0,0,0,0,0,0,0,0,0.0187726415899341,0,0,0,0,0,0,0,0,0,0,0,0,0,0,0,0,0,0,0,0,0,0,0
"OTU541",0,0,0,0,0,0,0,0,0,0,0,0,0,0,0,0,0,0,0,0.00114883839673219,0,0,0,0,0,0,0,0,0,0,0,0,0,0,0,0,0,0
"OTU544",0,0,0,0,0.0191162234993503,0,0,0,0,0,0,0,0,0,0,0,0,0,0,0,0,0,0,0,0,0,0,0,0,0,0,0,0,0,0,0,0,0
"OTU56",0,0,0,0,0,0,0,0,0.108495555852778,0,0,0.00719603539182186,0.000417086649751486,0,0,0,0,0,0,0,0,0,0,0,0,0,0,0,0.023767899585535,0,0,0,0,0,0.00697588337461917,0,0,0
"OTU562",0,0,0,0,0,0,0,0,0,0,0,0,0,0,0,0,0,0,0,0,0,0,0,0.000324569944823109,0,0,0,0,0,0,0,0,0.00373604060913706,0,0,0,0,0
"OTU563",0,0,0,0,0,0,0,0,0,0,0,0,0,0,0,0,0,0,0,0,0,0,0,0,0,0,0,0,0,0,0.0144370203015591,0,0,0,0,0,0,0
"OTU565",0,0,0,0,0,0,0,0,0,0,0,0,0,0,0,0,0,0,0,0,0,0,0.000704671975195547,0,0,0,0,0,0,0,0,0,0,0,0,0,0,0
"OTU566",0,0,0,0,0,0,0,0,0,0,0,0,0,0,0,0,0,0,0,0,0.000377239861678717,0,0,0,0,0,0,0,0,0,0,0,0,0,0,0,0,0
"OTU567",0,0,0,0,0,0,0,0,0,0,0,0,0,0,0,0,0,0,0,0,0,0,0,0.00200643238617922,0,0,0,0,0,0,0,0,0,0,0,0,0,0
"OTU571",0,0,0,0,0,0,0,0,0,0,0,0,0,0,0,0,0,0,0,0,0,0,0,0,0,0.0233827762164732,0,0,0,0,0,0,0,0,0,0,0,0
"OTU572",0,0,0,0,0,0,0,0,0,0,0,0,0,0,0,0,0.0465808012524016,0,0,0,0,0,0,0,0,0,0,0,0,0,0,0,0,0,0,0,0,0
"OTU575",0,0,0,0,0,0,0,0.0221929276181675,0,0,0,0,0,0,0,0.00422552215380901,0,0,0,0,0,0,0,0,0,0,0,0,0,0,0,0,0,0,0,0,0,0
"OTU578",0,0,0,0,0,0,0,0,0,0,0,0,0,0,0,0,0,0,0,0,0,0,0,0,0,0,0,0,0,0,0,0,0,0,0,0,0,0.026172480939965
"OTU579",0,0,0,0,0,0,0,0,0,0,0,0,0,0,0,0,0,0,0,0,0,0,0,0,0.00320746464499198,0,0,0,0,0,0,0,0,0,0,0,0,0
"OTU58",0,0,0,0.00196092671944223,0,0,0,0,0,0,0,0,0,0,0.152221299966644,0,0,0,0,0,0,0,0,0,0,0,0,0,0,0,0,0,0,0,0,0,0,0
"OTU584",0,0,0,0,0,0,0,0,0,0,0.00369470320867648,0,0,0,0,0,0,0,0,0,0,0,0,0,0,0,0,0,0,0,0,0,0,0,0,0,0,0
"OTU585",0,0,0,0,0,0,0,0,0,0,0,0,0,0,0,0,0.0210773500320216,0,0,0,0,0,0,0,0,0,0,0,0,0,0,0,0,0,0,0,0,0
"OTU586",0,0,0,0,0,0,0,0,0,0,0,0,0,0.00253122421098621,0,0,0,0,0,0,0,0,0,0,0,0,0,0,0,0.000740547133646977,0,0,0,0,0,0,0,0
"OTU588",0,0,0,0,0,0,0,0,0.00658414697907421,0,0,0.00848589079224276,0,0,0,0,0,0,0,0,0,0,0,0,0,0,0,0,0,0,0,0,0,0,0,0,0,0
"OTU592",0,0,0,0,0,0,0,0,0,0,0,0,0,0,0,0,0,0,0,0,0,0,0,0,0.000728969237498178,0,0,0,0,0,0,0,0,0,0,0,0,0
"OTU593",0,0,0,0,0,0,0,0,0,0,0,0,0,0,0,0.00354504845631249,0,0,0,0,0,0,0,0,0,0,0,0,0,0,0,0,0,0,0,0,0,0
"OTU595",0,0,0,0,0,0,0,0,0,0,0,0,0,0,0,0,0,0,0,0,0,0,0,0,0,0,0,0,0,0,0.0163998782226922,0,0,0,0,0,0,0
"OTU597",0,0,0,0,0,0,0,0,0,0,0,0,0.000312814987313614,0,0,0,0,0,0,0,0,0,0,0,0,0,0,0,0,0,0,0,0,0,0,0,0,0
"OTU6",0,0,0,0,0,0,0,0,0,0,0,0,0,0,0,0,0,0,0,0,0,0,0,0,0,0,0,0,0.00123750220982537,0,0,0,0,0.00461814588501018,0,0,0,0
"OTU600",0,0,0,0,0,0,0,0.0119662417439048,0,0,0,0,0,0,0,0,0,0,0,0,0,0,0,0,0,0,0,0,0,0,0,0,0,0,0,0,0,0
"OTU610",0,0,0,0,0,0,0,0,0,0,0,0,0,0,0,0,0,0,0,0,0,0,0,0,0.00281868105165962,0,0,0,0,0,0,0,0,0,0,0,0,0
"OTU611",0,0,0,0,0,0,0,0,0.00377539729825031,0,0,0,0,0,0,0,0,0,0,0,0,0,0,0,0,0,0,0,0,0,0,0,0,0,0,0,0,0
"OTU614",0,0,0,0,0,0,0,0,0,0,0,0,0,0,0,0,0,0,0,0,0,0,0,0,0,0.00701313476935617,0,0,0,0,0,0,0,0,0,0,0,0
"OTU615",0,0,0,0,0.000819765058822503,0,0,0,0,0,0,0,0,0,0,0,0,0,0,0,0,0,0,0,0,0,0,0,0,0,0,0,0,0,0,0,0,0
"OTU616",0,0,0,0,0.0127150793166299,0,0,0,0,0,0,0,0,0,0,0,0,0,0,0,0,0,0,0,0,0,0,0,0,0,0,0,0,0,0,0,0,0
"OTU62",0,0,0,0,0,0,0,0,0,0,0,0,0,0,0,0,0,0.000239141482079335,0,0,0,0,0,0,0,0,0,0,0,0,0,0,0,0,0,0,0,0
"OTU624",0,0,0,0,0,0,0,0,0,0,0,0,0.0460533175767266,0,0,0,0,0,0,0,0,0,0,0,0,0,0,0,0,0,0,0,0,0,0,0,0,0
"OTU630",0,0,0,0,0,0,0,0,0,0,0,0,0,0,0,0,0,0,0,0,0,0,0,0,0,0.0105536640657503,0,0,0,0,0,0,0,0,0,0,0,0
"OTU632",0,0,0,0,0,0,0,0,0,0,0.00571981458980244,0,0,0,0,0,0,0,0,0,0,0,0,0,0,0,0,0,0,0,0,0,0,0,0,0,0,0
"OTU633",0,0,0,0,0,0,0,0,0,0,0,0,0,0,0,0,0,0.0278001972917227,0,0,0,0,0,0,0,0,0,0,0,0,0,0,0,0,0,0,0,0
"OTU636",0,0,0,0,0,0,0,0,0,0,0,0,0,0,0,0,0,0,0,0,0.000251493241119145,0,0,0,0,0,0,0,0,0,0.000224326619558077,0,0,0,0,0,0,0
"OTU638",0,0,0,0,0,0,0,0,0,0,0,0,0,0,0,0,0,0,0,0,0,0,0,0,0,0,0.0298800250184796,0,0,0,0,0,0,0,0,0,0,0
"OTU64",0,0,0,0,0.585303531094386,0,0,0,0,0,0,0,0,0,0,0,0,0,0,0,0,0,0,0,0,0,0,0,0,0,0,0,0,0,0,0,0,0
"OTU642",0.000904034746378948,0,0,0,0,0,0,0,0,0,0,0,0,0,0.0100301758577623,0,0,0,0,0,0,0,0,0,0,0,0,0,0,0,0,0,0,0,0,0,0,0
"OTU643",0.00283002181475149,0,0,0,0,0,0,0,0,0,0,0,0,0,0,0,0,0,0,0,0,0,0,0,0,0,0,0,0,0,0,0,0,0,0,0,0,0
"OTU646",0,0,0,0,0,0,0,0,0,0,0,0,0,0,0,0,0,0,0,0,0,0,0,0,0,0,0,0,0,0,0,0,0,0,0,0,0.0209445056438576,0
"OTU65",0,0,0,0,0,0,0,0,0,0,0,0,0,0,0,0,0,0,0,0,0,0,0,0,0,0,0,0,0,0,0,0,0,0.000786496460765927,0,0,0,0
"OTU655",0,0,0,0,0,0,0,0,0,0,0,0,0,0,0,0,0,0,0,0,0,0,0,0,0,0,0,0,0,0,0,0,0,0.000282332062839051,0,0,0,0
"OTU657",0,0,0,0,0,1,0,0,0,0,0,0,0,0,0,0,0,0,0,0,0,0,0,0,0,0,0,0,0,0,0,0,0,0,0,0,0,0
"OTU659",0,0,0,0,0,0,0,0,0,0,0,0,0,0.00835650732668049,0,0,0,0,0,0,0,0,0,0,0,0,0,0,0,0.00300575013068479,0,0,0,0,0,0,0,0
"OTU660",0,0,0,0,0,0,0,0,0,0,0,0,0,0,0.00024823327722227,0,0,0,0,0,0,0,0,0,0,0,0,0,0,0,0,0,0,0,0,0,0,0
"OTU661",0,0,0,0,0,0,0,0,0,0,0,0,0,0,0,0,0,0,0,0,0,0,0,0,0,0,0,0,0,0,0.0193401592718999,0,0,0,0,0,0,0
"OTU667",0,0,0,0,0,0,0,0,0,0,0,0,0,0,0,0,0,0,0,0,0,0,0,0,0,0,0,0,0,0,0,0.00481725479542434,0,0,0,0,0,0
"OTU668",0,0,0,0,0,0,0,0,0,0,0,0,0,0,0,0,0,0,0,0,0,0,0,0,0,0,0,0,0,0,0,0,0,0,0,0,0.00888424727106253,0
"OTU670",0,0,0,0,0,0,0,0,0,0,0,0,0,0,0,0.000889005959632544,0,0,0,0,0,0,0,0,0,0,0,0,0,0,0,0,0,0,0,0,0,0
"OTU671",0,0,0,0,0,0,0,0,0,0,0,0,0,0,0,0,0,0,0,0,0,0,0,0,0,0,0,0,0,0,0.00958195132112356,0,0,0,0,0,0,0
"OTU675",0,0,0,0,0,0,0,0,0,0,0,0,0,0,0,0,0,0,0,0,0,0,0,0,0,0,0,0,0,0,0.0131872005640212,0,0,0,0,0,0,0
"OTU680",0,0,0,0,0,0,0,0,0,0,0,0.00651716412844244,0,0,0,0,0,0,0,0,0,0,0,0,0,0,0,0,0,0,0,0,0,0,0,0,0,0
"OTU682",0,0,0.000633974443419839,0,0,0,0,0,0,0,0,0,0,0,0,0,0,0,0,0,0,0,0,0,0,0,0,0,0,0,0,0,0,0,0,0,0,0
"OTU688",0,0,0,0,0,0,0,0,0,0,0,0,0,0,0,0,0,0,0,0,0,0,0,0,0,0,0,0,0,0,0.0010815747728693,0,0,0,0,0,0,0
"OTU692",0,0,0,0,0,0,0,0,0,0,0.0114756311597138,0,0,0,0,0,0,0,0,0,0,0,0,0,0,0,0,0,0,0,0,0,0,0,0,0,0,0
"OTU693",0,0,0,0,0,0,0,0,0,0,0,0,0,0,0,0,0,0,0,0,0,0,0,0,0,0,0,0,0,0,0.00510343059494624,0,0,0,0,0,0,0
"OTU696",0.00453982666116385,0,0,0,0,0,0,0,0,0,0,0,0,0,0,0,0,0,0,0,0,0,0,0,0,0,0,0,0,0,0,0,0,0,0.000512513880584266,0,0,0
"OTU697",0,0,0,0,0,0,0,0,0,0,0,0,0,0,0,0,0,0,0,0,0,0,0,0,0,0,0,0,0,0,0.00367735422775561,0,0,0,0,0,0,0
"OTU699",0,0,0,0,0,0,0,0,0,0,0,0.0270417053246136,0,0,0,0,0,0,0,0,0,0,0,0,0,0,0,0,0,0,0,0,0,0,0,0,0,0
"OTU7",0,0,0,0,0,0,0,0,0,0,0,0,0,0.986324454399822,0,0,0,0,0,0,0,0,0,0,0,0,0,0,0.583551042055432,0.994772608468374,0,0,0,0,0,0,0,0
"OTU70",0,0,0,0,0,0,0,0,0,0,0,0,0.101213027006361,0,0,0,0,0,0,0,0,0,0,0,0,0,0.00642520043213737,0,0,0,0,0,0,0,0,0,0,0
"OTU700",0,0,0,0,0,0,0,0,0,0,0,0,0,0,0,0,0,0,0,0,0,0,0,0,0,0,0,0,0,0,0,0,0,0.0202069090689092,0,0,0,0
"OTU704",0.00186702828056522,0,0,0,0.000933136822276679,0,0,0,0,0,0,0,0,0,0.00140406947428846,0,0,0,0,0,0,0,0,0,0,0,0,0,0,0,0,0,0,0,0,0,0,0
"OTU705",0,0,0,0,0,0,0,0,0,0,0,0,0,0,0,0,0,0,0,0,0,0,0.0205294435440303,0,0,0,0,0,0,0,0,0,0,0,0,0,0,0
"OTU706",0,0,0,0,0,0,0,0,0,0,0.00521578686827776,0,0,0,0,0,0,0,0,0,0,0.000491671384725409,0,0,0,0,0,0,0,0,0,0,0,0,0,0,0,0
"OTU710",0,0,0,0,0,0,0,0,0,0,0,0,0,0,0,0,0,0,0,0,0,0,0,0,0,0,0,0,0,0,0.00500729061513564,0,0,0,0,0,0,0
"OTU716",0,0,0,0,0.00707265385856436,0,0,0,0,0,0,0,0,0,0,0,0,0,0,0,0,0,0,0,0,0,0,0,0,0,0,0,0,0,0,0,0,0
"OTU719",0,0,0,0,0,0,0,0,0,0,0,0,0,0,0,0,0,0,0,0,0,0,0,0,0,0,0,0,0,0,0.00242753449021776,0,0,0,0,0,0,0
"OTU735",0,0,0,0,0,0,0,0,0,0,0,0,0,0,0,0,0,0,0,0,0,0,0,0,0,0,0,0,0,0,0,0,0,0,0,0,0.00330476830855949,0
"OTU739",0.0170587426055854,0,0,0,0,0,0,0,0,0,0,0,0,0,0,0,0,0,0,0,0,0,0,0,0,0,0,0,0,0,0,0,0,0,0,0,0,0
"OTU740",0,0,0,0,0,0,0,0,0,0,0,0,0,0,0,0.00456575900255726,0,0,0,0,0,0,0,0,0,0,0,0,0,0,0,0,0,0,0,0,0,0
"OTU744",0,0,0,0,0,0,0,0,0,0,0,0,0,0,0,0,0,0,0,0,0,0,0,0,0,0,0,0,0,0,0,0,0,0.0154879303043136,0,0,0,0
"OTU75",0,0,0,0.928571428571429,0,0,0,0,0,0,0,0,0,0,0.000612825903142478,0,0,0,0,0,0,0,0,0,0,0.431995517027653,0,0,0,0,0,0,0,0,0,0,0,0
"OTU752",0,0,0,0,0,0,0,0,0.000297897693420717,0,0,0,0,0,0,0,0,0,0,0,0,0,0,0,0,0,0,0,0,0,0,0,0,0,0,0,0,0
"OTU755",0,0,0,0,0,0,0,0,0,0,0,0,0,0,0,0,0,0,0,0.00067228320993958,0,0,0,0,0,0,0,0,0,0,0,0,0,0,0,0,0,0
"OTU756",0,0,0,0,0,0,0,0,0,0,0,0,0,0,0,0,0,0,0,0,0,0,0,0,0,0,0,0,0,0,0.000953388133121825,0,0,0,0,0,0,0
"OTU76",0,0,0,0,0,0,0,0.372597917969069,0,0,0,0,0,0,0,0.918419983975942,0,0,0,0,0,0,0,0,0,0,0,0,0,0,0,0,0,0,0,0,0,0
"OTU764",0,0,0,0,0,0,0,0.00580304965888397,0,0,0,0,0,0,0,0,0,0,0,0,0,0,0,0,0,0,0,0,0,0,0,0,0,0,0,0,0,0
"OTU769",0,0,0,0,0,0,0,0.0106887554021364,0,0,0,0,0,0,0,0,0,0,0,0,0,0,0,0,0,0,0,0,0,0,0,0,0,0,0,0,0,0
"OTU770",0,0,0,0,0,0,0,0,0,0.0259630849352838,0,0,0,0,0,0,0,0,0,0,0,0,0,0,0,0,0,0,0,0,0,0,0,0,0,0,0,0
"OTU78",0,0,0,0.00025419420437214,0,0,0,0,0,0,0,0,0,0,0.115762037374623,0,0,0,0,0,0,0,0,0,0,0,0,0,0,0,0,0,0,0,0,0,0,0
"OTU781",0,0,0,0,0,0,0,0,0,0,0,0,0,0,0,0,0,0,0,0,0,0,0,0,0,0,0,0,0,0,0.00797961832428015,0,0,0,0,0,0,0
"OTU783",0,0,0,0,0,0,0,0,0,0,0,0,0,0,0,0,0,0,0,0,0,0,0,0,0,0,0,0,0,0,0,0,0,0,0,0,0.0106582354540122,0
"OTU785",0,0,0,0,0,0,0,0,0,0,0.0041762296926331,0,0,0,0,0,0,0,0,0,0,0,0,0,0,0,0,0,0,0,0,0,0,0,0,0,0,0
"OTU788",0,0,0,0,0,0,0,0,0,0,0,0,0,0,0,0.00441210365150966,0,0,0,0,0,0,0,0,0,0,0,0,0,0,0,0,0,0,0,0,0,0
"OTU789",0.0020832105025254,0,0,0,0,0,0,0,0.0058728402417227,0,0,0.00196872666380032,0,0,0,0,0,0,0,0,0,0,0,0,0,0,0,0,0,0,0,0,0,0,0,0,0,0
"OTU790",0,0,0,0,0,0,0,0,0,0,0,0,0,0,0,0,0,0,0.0122809385181901,0,0,0,0,0,0,0,0,0,0,0,0,0,0,0,0,0,0,0
"OTU797",0,0,0,0,0,0,0.0147649730140992,0,0,0,0,0,0,0,0,0,0,0,0,0,0,0,0,0,0,0,0,0,0,0,0,0,0,0,0,0,0,0
"OTU8",0,0,0,0,0,0,0,0,0,0,0.000427523513793259,0,0,0,0,0,0.0645983064114424,0,0,0,0,0,0,0,0,0,0,0,0,0,0,0,0.00377664974619289,0.528525621634703,0,0,0,0
"OTU80",0,0,0,0,0,0,0,0.00559919545541029,0,0,0,0,0,0,0,0,0,0,0,0,0,0,0,0,0,0,0,0,0,0,0,0.325933615997361,0,0,0,0,0,0
"OTU802",0,0,0,0,0,0,0,0,0,0,0,0,0,0,0,0,0,0,0,0,0,0,0,0,0,0,0,0,0,0,0,0,0,0,0,0,0.00221748522868711,0
"OTU805",0.00141501090737574,0,0,0,0,0,0,0,0,0,0,0,0,0,0,0,0,0,0,0,0,0,0,0,0,0,0,0,0,0,0,0,0,0,0.000370148913755303,0,0,0
"OTU81",0,0,0,0,0,0,0,0,0,0,0,0,0,0,0,0,0,0,0,0,0,0,0,0,0,0,0,0,0,0,0,0,0,0,0,0,0,0.00262384897191326
"OTU814",0,0,0,0,0,0,0,0.00381886874507352,0,0,0,0,0,0,0,0.000647547550843458,0,0,0,0,0,0,0,0,0,0,0,0,0,0,0,0,0,0,0,0,0,0
"OTU817",0,0,0,0,0,0,0,0,0,0,0,0,0,0,0,0,0,0,0,0,0,0,0,0,0,0,0,0,0,0,0,0,0,0,0,0,0.0158085237270919,0
"OTU821",0.00161154020006682,0,0.00466835726518245,0,0,0,0,0,0,0,0,0.000452580842252947,0,0,0,0,0,0,0,0,0,0.00590005661670491,0,0,0,0,0,0,0,0,0,0,0,0,0,0,0,0
"OTU83",0,0,0,0,0,0,0,0,0,0,0,0,0,0,0,0,0,0,0,0,0.00892801005972964,0,0,0,0,0,0,0,0,0,0,0,0,0,0,0,0,0
"OTU837",0,0,0,0,0,0,0,0,0,0,0,0,0,0,0,0,0,0,0,0,0,0,0,0,0,0,0.0253027804628419,0,0,0,0,0,0,0,0,0,0,0
"OTU841",0,0,0,0,0,0,0,0,0,0,0,0,0,0,0,0,0,0,0,0,0,0,0,0,0,0,0,0,0,0,0,0,0,0.0140762699901184,0.00213547450243444,0,0,0
"OTU842",0,0,0,0,0,0,0,0,0,0,0,0,0,0,0,0,0,0,0,0,0,0,0,0,0,0,0,0,0,0,0,0.00321150319694956,0,0,0,0,0,0
"OTU851",0.00135605211956842,0,0,0,0,0,0,0,0,0,0,0,0,0,0,0,0,0,0,0,0,0,0,0,0,0,0,0,0,0,0,0,0,0,0,0,0,0
"OTU855",0,0,0,0,0.00273836413266241,0,0,0,0,0,0,0,0,0,0,0,0,0,0,0,0,0,0,0,0,0,0,0,0,0,0,0,0,0,0,0,0,0
"OTU856",0,0,0,0,0,0,0,0,0,0,0,0,0,0,0,0,0,0,0,0,0,0,0,0,0,0,0,0,0,0,0,0,0,0,0,0,0.00961387144308216,0
"OTU861",0,0,0,0,0,0,0,0,0,0,0,0,0,0,0,0,0,0,0,0,0,0,0,0,0,0,0,0,0,0,0,0.00391007791048541,0,0,0,0,0,0
"OTU868",0,0,0,0,0,0,0,0,0,0,0,0,0,0,0,0,0,0,0,0,0,0,0,0,0.0020411138649949,0,0,0,0,0,0,0,0,0,0,0,0,0
"OTU871",0,0,0,0,0,0,0,0,0,0,0,0,0,0,0,0,0,0,0,0,0,0,0,0,0,0,0,0,0,0,0,0,0,0.000746163308931777,0,0,0,0
"OTU874",0,0,0,0,0,0,0,0,0,0,0.00332568291256019,0,0,0,0,0,0,0,0,0,0,0,0,0,0,0,0,0,0,0,0,0,0,0,0,0,0,0
"OTU879",0,0,0,0,0,0,0,0,0,0,0,0,0,0.000367547625156901,0,0,0,0,0,0,0,0,0,0,0,0,0,0,0.000216071814413954,0.000479177557065691,0,0,0,0,0,0,0,0
"OTU880",0,0.00887775192410954,0,0,0,0,0,0,0,0,0,0,0,0,0,0,0,0,0,0,0,0,0,0,0,0,0,0,0,0,0,0,0,0,0,0,0,0
"OTU882",0.0110449462492384,0,0,0,0,0,0,0,0,0,0,0,0,0,0,0,0,0,0,0,0,0,0,0,0,0,0,0,0,0,0,0,0,0,0,0,0,0
"OTU883",0,0,0,0,0,0,0,0,0,0,0,0,0,0,0,0,0,0,0,0,0,0,0,0,0,0,0,0,0,0,0,0,0,0,0,0,0.00216025980343066,0
"OTU886",0,0.0183819581170575,0,0,0,0,0,0,0,0,0,0,0,0,0,0,0,0,0,0,0,0,0,0,0,0,0,0,0,0,0,0,0,0,0,0,0,0
"OTU894",0,0,0,0,0,0,0,0,0,0,0,0,0,0,0,0,0.00714438198249484,0,0,0,0,0,0,0,0,0,0,0,0,0,0,0,0,0,0,0,0,0
"OTU898",0,0,0,0,0,0,0,0,0,0,0,0,0,0,0,0,0,0,0,0,0,0,0,0,0,0,0,0,0,0,0,0,0,0.0102647871417912,0,0,0,0
"OTU899",0,0,0,0,0,0,0,0.00394118126715773,0,0,0,0,0,0,0,0.000932907488503287,0,0,0,0,0,0,0,0,0,0,0,0,0,0,0,0,0,0,0,0,0,0
"OTU9",0.0264724957254879,0,0.319259649585035,0,0,0,0,0,0,0,0,0.0117897309406893,0.0155364777032428,0,0,0,0,0,0,0,0,0.0662713430078369,0,0,0.0110317344608058,0,0.0025018479558765,0,0,0,0,0,0,0.00195615786395628,0,0,0,0.000478563648965312
"OTU903",0,0,0,0,0,0,0,0,0,0,0,0,0,0,0,0,0,0,0,0,0,0,0,0,0,0,0,0,0,0,0,0,0,0,0,0,0.00480693572154108,0
"OTU905",0,0,0,0,0,0,0,0,0,0,0,0,0,0,0,0,0,0,0,0,0,0,0,0,0,0,0,0,0,0,0.00067297985867423,0,0,0,0,0,0,0
"OTU909",0,0,0,0,0,0,0,0,0.00231630655496516,0,0,0,0,0,0,0,0,0,0,0,0,0,0,0,0,0,0,0,0,0,0,0,0,0,0,0,0,0
"OTU919",0,0,0,0,0,0,0,0,0.000693068103060443,0,0.00172809504522749,0,0,0,0,0,0,0,0,0,0,0,0,0,0,0,0,0,0.00172857451531163,0,0,0,0,0,0,0,0,0
"OTU920",0,0,0,0,0,0,0,0,0,0,0,0,0,0,0,0.000208532262136029,0,0,0,0,0,0,0,0,0,0,0,0,0,0,0,0,0,0,0,0,0,0
"OTU921",0,0,0,0,0,0,0,0,0.00186034069768856,0,0,0,0,0,0,0,0,0,0,0,0,0,0,0,0,0,0,0,0,0,0,0,0,0,0.00602203809686512,0,0,0
"OTU924",0,0,0,0,0,0,0,0,0,0,0,0,0,0,0,0,0,0,0,0,0,0,0,0,0,0,0,0,0,0,0,0.000402650702940806,0,0,0,0,0,0
"OTU929",0,0,0,0,0.00129069392240139,0,0,0,0,0,0,0,0,0,0,0,0,0,0,0,0,0,0,0,0,0,0,0,0,0,0,0,0,0,0,0,0,0
"OTU940",0,0,0,0,0.00470056773090776,0,0,0,0,0,0,0,0,0,0,0,0,0,0,0,0,0,0,0,0,0,0,0,0,0,0,0,0,0,0,0,0,0
"OTU941",0,0,0,0,0,0,0,0,0,0,0,0,0,0,0,0,0,0,0,0,0,0,0,0,0,0,0,0,0,0,0.00290022272428656,0,0,0,0,0,0,0
"OTU942",0,0,0,0,0,0,0,0,0,0,0,0,0,0,0,0,0,0,0,0,0,0,0,0,0,0,0,0,0,0,0,0.00165426373135921,0,0,0,0,0,0
"OTU943",0,0,0,0,0.00684591033165601,0,0,0,0,0,0,0,0,0,0,0,0,0,0,0,0,0,0,0,0,0,0,0,0,0,0,0,0,0,0,0,0,0
"OTU944",0,0,0,0,0,0,0,0,0,0,0,0,0,0,0,0,0.00814061054579093,0,0,0,0,0,0,0,0,0,0,0,0,0,0,0,0,0,0,0,0,0
"OTU949",0,0,0,0,0,0,0,0,0,0,0,0,0,0,0,0,0,0,0,0,0,0,0,0,0,0,0,0,0,0,0.00547196718422022,0,0,0,0,0,0,0
"OTU950",0,0,0,0,0,0,0,0,0,0,0,0,0,0,0,0,0,0,0,0,0,0,0,0,0,0,0,0,0,0,0,0,0,0.00102849537177083,0,0,0,0
"OTU952",0,0,0,0,0,0,0,0,0.000960568072662719,0,0,0,0,0,0,0,0,0,0,0,0,0.00570636788938884,0,0,0,0,0,0,0,0,0,0,0,0,0,0,0,0
"OTU955",0,0,0,0,0,0,0,0,0,0,0,0,0,0,0,0.00139387354164609,0,0,0,0,0,0,0,0,0,0,0,0,0,0,0,0,0,0,0,0,0,0
"OTU958",0,0,0,0,0,0,0,0,0,0,0,0,0,0,0,0,0,0,0,0,0,0,0,0,0,0.00343864356124606,0,0,0,0,0,0,0,0,0,0,0,0
"OTU960",0,0,0,0,0.0029215031351653,0,0,0,0,0,0,0,0,0,0,0,0,0,0,0,0,0,0,0,0,0,0,0,0,0,0,0,0,0,0,0,0,0
"OTU963",0,0,0,0,0,0,0,0,0,0,0,0,0,0,0,0,0,0,0,0,0,0,0,0,0,0,0,0,0,0,0,0,0,0,0,0,0.0106439290976981,0
"OTU965",0,0,0.00340040837834277,0,0,0,0,0,0,0,0,0,0,0,0,0,0,0,0,0,0,0,0,0,0,0,0,0,0,0,0,0,0,0,0,0,0,0
"OTU97",0,0,0,0,0,0,0,0,0,0,0,0,0,0,0,0,0,0,0,0,0,0,0,0,0,0,0,0,0,0,0,0,0,0,0.811622675891917,0,0,0
"OTU972",0,0,0,0,0,0,0,0,0,0,0,0,0,0,0.00327357634336868,0,0,0,0,0,0,0,0,0,0,0,0,0,0,0,0,0,0,0,0,0,0,0
"OTU975",0,0,0,0,0,0,0,0,0,0,0,0,0,0,0,0,0.0050096064897175,0,0,0,0,0,0,0,0,0,0,0,0,0,0,0,0,0,0,0,0,0
"OTU981",0,0,0,0,0,0,0,0,0,0.0133644788236195,0,0,0,0,0,0,0,0,0,0,0,0,0,0,0,0,0,0,0,0,0,0,0,0,0,0,0,0
"OTU990",0,0,0,0,0,0,0,0,0,0,0,0,0,0,0,0,0,0,0,0,0,0.00073005751065288,0,0,0,0,0,0,0,0,0,0,0,0,0,0,0,0
"OTU991",0,0,0,0,0,0,0,0,0,0,0,0,0,0,0,0,0,0,0,0,0,0,0,0,0,0,0,0,0,0,0.00315659600378151,0,0,0,0,0,0,0
"OTU992",0,0,0,0,0.00729067648059163,0,0,0,0,0,0,0,0,0,0,0,0,0,0,0,0,0,0,0,0,0,0,0,0,0,0,0,0,0,0,0,0,0
